c,n,a,e,o,job
0,0,0,0,0,none
0,0,0,0,1,none
0,0,0,0,2,none
0,0,0,0,3,tech
0,0,0,0,4,tech
0,0,0,0,5,tech
0,0,0,1,0,none
0,0,0,1,1,none
0,0,0,1,2,none
0,0,0,1,3,tech
0,0,0,1,4,tech
0,0,0,1,5,tech
0,0,0,2,0,none
0,0,0,2,1,none
0,0,0,2,2,none
0,0,0,2,3,tech
0,0,0,2,4,tech
0,0,0,2,5,tech
0,0,0,3,0,sales
0,0,0,3,1,sales
0,0,0,3,2,sales
0,0,0,3,3,none
0,0,0,3,4,tech
0,0,0,3,5,tech
0,0,0,4,0,sales
0,0,0,4,1,sales
0,0,0,4,2,sales
0,0,0,4,3,sales
0,0,0,4,4,both
0,0,0,4,5,tech
0,0,0,5,0,sales
0,0,0,5,1,sales
0,0,0,5,2,sales
0,0,0,5,3,sales
0,0,0,5,4,sales
0,0,0,5,5,both
0,0,1,0,0,none
0,0,1,0,1,none
0,0,1,0,2,none
0,0,1,0,3,tech
0,0,1,0,4,tech
0,0,1,0,5,tech
0,0,1,1,0,none
0,0,1,1,1,none
0,0,1,1,2,none
0,0,1,1,3,tech
0,0,1,1,4,tech
0,0,1,1,5,tech
0,0,1,2,0,none
0,0,1,2,1,none
0,0,1,2,2,none
0,0,1,2,3,tech
0,0,1,2,4,tech
0,0,1,2,5,tech
0,0,1,3,0,sales
0,0,1,3,1,sales
0,0,1,3,2,sales
0,0,1,3,3,none
0,0,1,3,4,tech
0,0,1,3,5,tech
0,0,1,4,0,sales
0,0,1,4,1,sales
0,0,1,4,2,sales
0,0,1,4,3,sales
0,0,1,4,4,both
0,0,1,4,5,tech
0,0,1,5,0,sales
0,0,1,5,1,sales
0,0,1,5,2,sales
0,0,1,5,3,sales
0,0,1,5,4,sales
0,0,1,5,5,both
0,0,2,0,0,none
0,0,2,0,1,none
0,0,2,0,2,none
0,0,2,0,3,tech
0,0,2,0,4,tech
0,0,2,0,5,tech
0,0,2,1,0,none
0,0,2,1,1,none
0,0,2,1,2,none
0,0,2,1,3,tech
0,0,2,1,4,tech
0,0,2,1,5,tech
0,0,2,2,0,none
0,0,2,2,1,none
0,0,2,2,2,none
0,0,2,2,3,tech
0,0,2,2,4,tech
0,0,2,2,5,tech
0,0,2,3,0,sales
0,0,2,3,1,sales
0,0,2,3,2,sales
0,0,2,3,3,none
0,0,2,3,4,tech
0,0,2,3,5,tech
0,0,2,4,0,sales
0,0,2,4,1,sales
0,0,2,4,2,sales
0,0,2,4,3,sales
0,0,2,4,4,both
0,0,2,4,5,tech
0,0,2,5,0,sales
0,0,2,5,1,sales
0,0,2,5,2,sales
0,0,2,5,3,sales
0,0,2,5,4,sales
0,0,2,5,5,both
0,0,3,0,0,none
0,0,3,0,1,none
0,0,3,0,2,none
0,0,3,0,3,tech
0,0,3,0,4,tech
0,0,3,0,5,tech
0,0,3,1,0,none
0,0,3,1,1,none
0,0,3,1,2,none
0,0,3,1,3,tech
0,0,3,1,4,tech
0,0,3,1,5,tech
0,0,3,2,0,none
0,0,3,2,1,none
0,0,3,2,2,none
0,0,3,2,3,tech
0,0,3,2,4,tech
0,0,3,2,5,tech
0,0,3,3,0,sales
0,0,3,3,1,sales
0,0,3,3,2,sales
0,0,3,3,3,none
0,0,3,3,4,tech
0,0,3,3,5,tech
0,0,3,4,0,sales
0,0,3,4,1,sales
0,0,3,4,2,sales
0,0,3,4,3,sales
0,0,3,4,4,both
0,0,3,4,5,tech
0,0,3,5,0,sales
0,0,3,5,1,sales
0,0,3,5,2,sales
0,0,3,5,3,sales
0,0,3,5,4,sales
0,0,3,5,5,both
0,0,4,0,0,none
0,0,4,0,1,none
0,0,4,0,2,none
0,0,4,0,3,tech
0,0,4,0,4,tech
0,0,4,0,5,tech
0,0,4,1,0,none
0,0,4,1,1,none
0,0,4,1,2,none
0,0,4,1,3,tech
0,0,4,1,4,tech
0,0,4,1,5,tech
0,0,4,2,0,none
0,0,4,2,1,none
0,0,4,2,2,none
0,0,4,2,3,tech
0,0,4,2,4,tech
0,0,4,2,5,tech
0,0,4,3,0,sales
0,0,4,3,1,sales
0,0,4,3,2,sales
0,0,4,3,3,both
0,0,4,3,4,tech
0,0,4,3,5,tech
0,0,4,4,0,sales
0,0,4,4,1,sales
0,0,4,4,2,sales
0,0,4,4,3,sales
0,0,4,4,4,both
0,0,4,4,5,tech
0,0,4,5,0,sales
0,0,4,5,1,sales
0,0,4,5,2,sales
0,0,4,5,3,sales
0,0,4,5,4,sales
0,0,4,5,5,both
0,0,5,0,0,none
0,0,5,0,1,none
0,0,5,0,2,none
0,0,5,0,3,tech
0,0,5,0,4,tech
0,0,5,0,5,tech
0,0,5,1,0,none
0,0,5,1,1,none
0,0,5,1,2,none
0,0,5,1,3,tech
0,0,5,1,4,tech
0,0,5,1,5,tech
0,0,5,2,0,none
0,0,5,2,1,none
0,0,5,2,2,none
0,0,5,2,3,tech
0,0,5,2,4,tech
0,0,5,2,5,tech
0,0,5,3,0,sales
0,0,5,3,1,sales
0,0,5,3,2,sales
0,0,5,3,3,both
0,0,5,3,4,tech
0,0,5,3,5,tech
0,0,5,4,0,sales
0,0,5,4,1,sales
0,0,5,4,2,sales
0,0,5,4,3,sales
0,0,5,4,4,both
0,0,5,4,5,tech
0,0,5,5,0,sales
0,0,5,5,1,sales
0,0,5,5,2,sales
0,0,5,5,3,sales
0,0,5,5,4,sales
0,0,5,5,5,both
0,1,0,0,0,none
0,1,0,0,1,none
0,1,0,0,2,none
0,1,0,0,3,tech
0,1,0,0,4,tech
0,1,0,0,5,tech
0,1,0,1,0,none
0,1,0,1,1,none
0,1,0,1,2,none
0,1,0,1,3,tech
0,1,0,1,4,tech
0,1,0,1,5,tech
0,1,0,2,0,none
0,1,0,2,1,none
0,1,0,2,2,none
0,1,0,2,3,tech
0,1,0,2,4,tech
0,1,0,2,5,tech
0,1,0,3,0,sales
0,1,0,3,1,sales
0,1,0,3,2,sales
0,1,0,3,3,none
0,1,0,3,4,tech
0,1,0,3,5,tech
0,1,0,4,0,sales
0,1,0,4,1,sales
0,1,0,4,2,sales
0,1,0,4,3,sales
0,1,0,4,4,none
0,1,0,4,5,tech
0,1,0,5,0,sales
0,1,0,5,1,sales
0,1,0,5,2,sales
0,1,0,5,3,sales
0,1,0,5,4,sales
0,1,0,5,5,both
0,1,1,0,0,none
0,1,1,0,1,none
0,1,1,0,2,none
0,1,1,0,3,tech
0,1,1,0,4,tech
0,1,1,0,5,tech
0,1,1,1,0,none
0,1,1,1,1,none
0,1,1,1,2,none
0,1,1,1,3,tech
0,1,1,1,4,tech
0,1,1,1,5,tech
0,1,1,2,0,none
0,1,1,2,1,none
0,1,1,2,2,none
0,1,1,2,3,tech
0,1,1,2,4,tech
0,1,1,2,5,tech
0,1,1,3,0,sales
0,1,1,3,1,sales
0,1,1,3,2,sales
0,1,1,3,3,none
0,1,1,3,4,tech
0,1,1,3,5,tech
0,1,1,4,0,sales
0,1,1,4,1,sales
0,1,1,4,2,sales
0,1,1,4,3,sales
0,1,1,4,4,none
0,1,1,4,5,tech
0,1,1,5,0,sales
0,1,1,5,1,sales
0,1,1,5,2,sales
0,1,1,5,3,sales
0,1,1,5,4,sales
0,1,1,5,5,both
0,1,2,0,0,none
0,1,2,0,1,none
0,1,2,0,2,none
0,1,2,0,3,tech
0,1,2,0,4,tech
0,1,2,0,5,tech
0,1,2,1,0,none
0,1,2,1,1,none
0,1,2,1,2,none
0,1,2,1,3,tech
0,1,2,1,4,tech
0,1,2,1,5,tech
0,1,2,2,0,none
0,1,2,2,1,none
0,1,2,2,2,none
0,1,2,2,3,tech
0,1,2,2,4,tech
0,1,2,2,5,tech
0,1,2,3,0,sales
0,1,2,3,1,sales
0,1,2,3,2,sales
0,1,2,3,3,none
0,1,2,3,4,tech
0,1,2,3,5,tech
0,1,2,4,0,sales
0,1,2,4,1,sales
0,1,2,4,2,sales
0,1,2,4,3,sales
0,1,2,4,4,none
0,1,2,4,5,tech
0,1,2,5,0,sales
0,1,2,5,1,sales
0,1,2,5,2,sales
0,1,2,5,3,sales
0,1,2,5,4,sales
0,1,2,5,5,both
0,1,3,0,0,none
0,1,3,0,1,none
0,1,3,0,2,none
0,1,3,0,3,tech
0,1,3,0,4,tech
0,1,3,0,5,tech
0,1,3,1,0,none
0,1,3,1,1,none
0,1,3,1,2,none
0,1,3,1,3,tech
0,1,3,1,4,tech
0,1,3,1,5,tech
0,1,3,2,0,none
0,1,3,2,1,none
0,1,3,2,2,none
0,1,3,2,3,tech
0,1,3,2,4,tech
0,1,3,2,5,tech
0,1,3,3,0,sales
0,1,3,3,1,sales
0,1,3,3,2,sales
0,1,3,3,3,none
0,1,3,3,4,tech
0,1,3,3,5,tech
0,1,3,4,0,sales
0,1,3,4,1,sales
0,1,3,4,2,sales
0,1,3,4,3,sales
0,1,3,4,4,both
0,1,3,4,5,tech
0,1,3,5,0,sales
0,1,3,5,1,sales
0,1,3,5,2,sales
0,1,3,5,3,sales
0,1,3,5,4,sales
0,1,3,5,5,both
0,1,4,0,0,none
0,1,4,0,1,none
0,1,4,0,2,none
0,1,4,0,3,tech
0,1,4,0,4,tech
0,1,4,0,5,tech
0,1,4,1,0,none
0,1,4,1,1,none
0,1,4,1,2,none
0,1,4,1,3,tech
0,1,4,1,4,tech
0,1,4,1,5,tech
0,1,4,2,0,none
0,1,4,2,1,none
0,1,4,2,2,none
0,1,4,2,3,tech
0,1,4,2,4,tech
0,1,4,2,5,tech
0,1,4,3,0,sales
0,1,4,3,1,sales
0,1,4,3,2,sales
0,1,4,3,3,none
0,1,4,3,4,tech
0,1,4,3,5,tech
0,1,4,4,0,sales
0,1,4,4,1,sales
0,1,4,4,2,sales
0,1,4,4,3,sales
0,1,4,4,4,both
0,1,4,4,5,tech
0,1,4,5,0,sales
0,1,4,5,1,sales
0,1,4,5,2,sales
0,1,4,5,3,sales
0,1,4,5,4,sales
0,1,4,5,5,both
0,1,5,0,0,none
0,1,5,0,1,none
0,1,5,0,2,none
0,1,5,0,3,tech
0,1,5,0,4,tech
0,1,5,0,5,tech
0,1,5,1,0,none
0,1,5,1,1,none
0,1,5,1,2,none
0,1,5,1,3,tech
0,1,5,1,4,tech
0,1,5,1,5,tech
0,1,5,2,0,none
0,1,5,2,1,none
0,1,5,2,2,none
0,1,5,2,3,tech
0,1,5,2,4,tech
0,1,5,2,5,tech
0,1,5,3,0,sales
0,1,5,3,1,sales
0,1,5,3,2,sales
0,1,5,3,3,none
0,1,5,3,4,tech
0,1,5,3,5,tech
0,1,5,4,0,sales
0,1,5,4,1,sales
0,1,5,4,2,sales
0,1,5,4,3,sales
0,1,5,4,4,both
0,1,5,4,5,tech
0,1,5,5,0,sales
0,1,5,5,1,sales
0,1,5,5,2,sales
0,1,5,5,3,sales
0,1,5,5,4,sales
0,1,5,5,5,both
0,2,0,0,0,none
0,2,0,0,1,none
0,2,0,0,2,none
0,2,0,0,3,tech
0,2,0,0,4,tech
0,2,0,0,5,tech
0,2,0,1,0,none
0,2,0,1,1,none
0,2,0,1,2,none
0,2,0,1,3,tech
0,2,0,1,4,tech
0,2,0,1,5,tech
0,2,0,2,0,none
0,2,0,2,1,none
0,2,0,2,2,none
0,2,0,2,3,tech
0,2,0,2,4,tech
0,2,0,2,5,tech
0,2,0,3,0,sales
0,2,0,3,1,sales
0,2,0,3,2,sales
0,2,0,3,3,none
0,2,0,3,4,tech
0,2,0,3,5,tech
0,2,0,4,0,sales
0,2,0,4,1,sales
0,2,0,4,2,sales
0,2,0,4,3,sales
0,2,0,4,4,none
0,2,0,4,5,tech
0,2,0,5,0,sales
0,2,0,5,1,sales
0,2,0,5,2,sales
0,2,0,5,3,sales
0,2,0,5,4,sales
0,2,0,5,5,none
0,2,1,0,0,none
0,2,1,0,1,none
0,2,1,0,2,none
0,2,1,0,3,tech
0,2,1,0,4,tech
0,2,1,0,5,tech
0,2,1,1,0,none
0,2,1,1,1,none
0,2,1,1,2,none
0,2,1,1,3,tech
0,2,1,1,4,tech
0,2,1,1,5,tech
0,2,1,2,0,none
0,2,1,2,1,none
0,2,1,2,2,none
0,2,1,2,3,tech
0,2,1,2,4,tech
0,2,1,2,5,tech
0,2,1,3,0,sales
0,2,1,3,1,sales
0,2,1,3,2,sales
0,2,1,3,3,none
0,2,1,3,4,tech
0,2,1,3,5,tech
0,2,1,4,0,sales
0,2,1,4,1,sales
0,2,1,4,2,sales
0,2,1,4,3,sales
0,2,1,4,4,none
0,2,1,4,5,tech
0,2,1,5,0,sales
0,2,1,5,1,sales
0,2,1,5,2,sales
0,2,1,5,3,sales
0,2,1,5,4,sales
0,2,1,5,5,none
0,2,2,0,0,none
0,2,2,0,1,none
0,2,2,0,2,none
0,2,2,0,3,tech
0,2,2,0,4,tech
0,2,2,0,5,tech
0,2,2,1,0,none
0,2,2,1,1,none
0,2,2,1,2,none
0,2,2,1,3,tech
0,2,2,1,4,tech
0,2,2,1,5,tech
0,2,2,2,0,none
0,2,2,2,1,none
0,2,2,2,2,none
0,2,2,2,3,tech
0,2,2,2,4,tech
0,2,2,2,5,tech
0,2,2,3,0,sales
0,2,2,3,1,sales
0,2,2,3,2,sales
0,2,2,3,3,none
0,2,2,3,4,tech
0,2,2,3,5,tech
0,2,2,4,0,sales
0,2,2,4,1,sales
0,2,2,4,2,sales
0,2,2,4,3,sales
0,2,2,4,4,none
0,2,2,4,5,tech
0,2,2,5,0,sales
0,2,2,5,1,sales
0,2,2,5,2,sales
0,2,2,5,3,sales
0,2,2,5,4,sales
0,2,2,5,5,both
0,2,3,0,0,none
0,2,3,0,1,none
0,2,3,0,2,none
0,2,3,0,3,tech
0,2,3,0,4,tech
0,2,3,0,5,tech
0,2,3,1,0,none
0,2,3,1,1,none
0,2,3,1,2,none
0,2,3,1,3,tech
0,2,3,1,4,tech
0,2,3,1,5,tech
0,2,3,2,0,none
0,2,3,2,1,none
0,2,3,2,2,none
0,2,3,2,3,tech
0,2,3,2,4,tech
0,2,3,2,5,tech
0,2,3,3,0,sales
0,2,3,3,1,sales
0,2,3,3,2,sales
0,2,3,3,3,none
0,2,3,3,4,tech
0,2,3,3,5,tech
0,2,3,4,0,sales
0,2,3,4,1,sales
0,2,3,4,2,sales
0,2,3,4,3,sales
0,2,3,4,4,none
0,2,3,4,5,tech
0,2,3,5,0,sales
0,2,3,5,1,sales
0,2,3,5,2,sales
0,2,3,5,3,sales
0,2,3,5,4,sales
0,2,3,5,5,both
0,2,4,0,0,none
0,2,4,0,1,none
0,2,4,0,2,none
0,2,4,0,3,tech
0,2,4,0,4,tech
0,2,4,0,5,tech
0,2,4,1,0,none
0,2,4,1,1,none
0,2,4,1,2,none
0,2,4,1,3,tech
0,2,4,1,4,tech
0,2,4,1,5,tech
0,2,4,2,0,none
0,2,4,2,1,none
0,2,4,2,2,none
0,2,4,2,3,tech
0,2,4,2,4,tech
0,2,4,2,5,tech
0,2,4,3,0,sales
0,2,4,3,1,sales
0,2,4,3,2,sales
0,2,4,3,3,none
0,2,4,3,4,tech
0,2,4,3,5,tech
0,2,4,4,0,sales
0,2,4,4,1,sales
0,2,4,4,2,sales
0,2,4,4,3,sales
0,2,4,4,4,none
0,2,4,4,5,tech
0,2,4,5,0,sales
0,2,4,5,1,sales
0,2,4,5,2,sales
0,2,4,5,3,sales
0,2,4,5,4,sales
0,2,4,5,5,both
0,2,5,0,0,none
0,2,5,0,1,none
0,2,5,0,2,none
0,2,5,0,3,tech
0,2,5,0,4,tech
0,2,5,0,5,tech
0,2,5,1,0,none
0,2,5,1,1,none
0,2,5,1,2,none
0,2,5,1,3,tech
0,2,5,1,4,tech
0,2,5,1,5,tech
0,2,5,2,0,none
0,2,5,2,1,none
0,2,5,2,2,none
0,2,5,2,3,tech
0,2,5,2,4,tech
0,2,5,2,5,tech
0,2,5,3,0,sales
0,2,5,3,1,sales
0,2,5,3,2,sales
0,2,5,3,3,none
0,2,5,3,4,tech
0,2,5,3,5,tech
0,2,5,4,0,sales
0,2,5,4,1,sales
0,2,5,4,2,sales
0,2,5,4,3,sales
0,2,5,4,4,both
0,2,5,4,5,tech
0,2,5,5,0,sales
0,2,5,5,1,sales
0,2,5,5,2,sales
0,2,5,5,3,sales
0,2,5,5,4,sales
0,2,5,5,5,both
0,3,0,0,0,none
0,3,0,0,1,none
0,3,0,0,2,none
0,3,0,0,3,tech
0,3,0,0,4,tech
0,3,0,0,5,tech
0,3,0,1,0,none
0,3,0,1,1,none
0,3,0,1,2,none
0,3,0,1,3,tech
0,3,0,1,4,tech
0,3,0,1,5,tech
0,3,0,2,0,none
0,3,0,2,1,none
0,3,0,2,2,none
0,3,0,2,3,tech
0,3,0,2,4,tech
0,3,0,2,5,tech
0,3,0,3,0,sales
0,3,0,3,1,sales
0,3,0,3,2,sales
0,3,0,3,3,none
0,3,0,3,4,tech
0,3,0,3,5,tech
0,3,0,4,0,sales
0,3,0,4,1,sales
0,3,0,4,2,sales
0,3,0,4,3,sales
0,3,0,4,4,none
0,3,0,4,5,tech
0,3,0,5,0,sales
0,3,0,5,1,sales
0,3,0,5,2,sales
0,3,0,5,3,sales
0,3,0,5,4,sales
0,3,0,5,5,none
0,3,1,0,0,none
0,3,1,0,1,none
0,3,1,0,2,none
0,3,1,0,3,tech
0,3,1,0,4,tech
0,3,1,0,5,tech
0,3,1,1,0,none
0,3,1,1,1,none
0,3,1,1,2,none
0,3,1,1,3,tech
0,3,1,1,4,tech
0,3,1,1,5,tech
0,3,1,2,0,none
0,3,1,2,1,none
0,3,1,2,2,none
0,3,1,2,3,tech
0,3,1,2,4,tech
0,3,1,2,5,tech
0,3,1,3,0,sales
0,3,1,3,1,sales
0,3,1,3,2,sales
0,3,1,3,3,none
0,3,1,3,4,tech
0,3,1,3,5,tech
0,3,1,4,0,sales
0,3,1,4,1,sales
0,3,1,4,2,sales
0,3,1,4,3,sales
0,3,1,4,4,none
0,3,1,4,5,tech
0,3,1,5,0,sales
0,3,1,5,1,sales
0,3,1,5,2,sales
0,3,1,5,3,sales
0,3,1,5,4,sales
0,3,1,5,5,none
0,3,2,0,0,none
0,3,2,0,1,none
0,3,2,0,2,none
0,3,2,0,3,tech
0,3,2,0,4,tech
0,3,2,0,5,tech
0,3,2,1,0,none
0,3,2,1,1,none
0,3,2,1,2,none
0,3,2,1,3,tech
0,3,2,1,4,tech
0,3,2,1,5,tech
0,3,2,2,0,none
0,3,2,2,1,none
0,3,2,2,2,none
0,3,2,2,3,tech
0,3,2,2,4,tech
0,3,2,2,5,tech
0,3,2,3,0,sales
0,3,2,3,1,sales
0,3,2,3,2,sales
0,3,2,3,3,none
0,3,2,3,4,tech
0,3,2,3,5,tech
0,3,2,4,0,sales
0,3,2,4,1,sales
0,3,2,4,2,sales
0,3,2,4,3,sales
0,3,2,4,4,none
0,3,2,4,5,tech
0,3,2,5,0,sales
0,3,2,5,1,sales
0,3,2,5,2,sales
0,3,2,5,3,sales
0,3,2,5,4,sales
0,3,2,5,5,none
0,3,3,0,0,none
0,3,3,0,1,none
0,3,3,0,2,none
0,3,3,0,3,tech
0,3,3,0,4,tech
0,3,3,0,5,tech
0,3,3,1,0,none
0,3,3,1,1,none
0,3,3,1,2,none
0,3,3,1,3,tech
0,3,3,1,4,tech
0,3,3,1,5,tech
0,3,3,2,0,none
0,3,3,2,1,none
0,3,3,2,2,none
0,3,3,2,3,tech
0,3,3,2,4,tech
0,3,3,2,5,tech
0,3,3,3,0,sales
0,3,3,3,1,sales
0,3,3,3,2,sales
0,3,3,3,3,none
0,3,3,3,4,tech
0,3,3,3,5,tech
0,3,3,4,0,sales
0,3,3,4,1,sales
0,3,3,4,2,sales
0,3,3,4,3,sales
0,3,3,4,4,none
0,3,3,4,5,tech
0,3,3,5,0,sales
0,3,3,5,1,sales
0,3,3,5,2,sales
0,3,3,5,3,sales
0,3,3,5,4,sales
0,3,3,5,5,none
0,3,4,0,0,none
0,3,4,0,1,none
0,3,4,0,2,none
0,3,4,0,3,tech
0,3,4,0,4,tech
0,3,4,0,5,tech
0,3,4,1,0,none
0,3,4,1,1,none
0,3,4,1,2,none
0,3,4,1,3,tech
0,3,4,1,4,tech
0,3,4,1,5,tech
0,3,4,2,0,none
0,3,4,2,1,none
0,3,4,2,2,none
0,3,4,2,3,tech
0,3,4,2,4,tech
0,3,4,2,5,tech
0,3,4,3,0,sales
0,3,4,3,1,sales
0,3,4,3,2,sales
0,3,4,3,3,none
0,3,4,3,4,tech
0,3,4,3,5,tech
0,3,4,4,0,sales
0,3,4,4,1,sales
0,3,4,4,2,sales
0,3,4,4,3,sales
0,3,4,4,4,none
0,3,4,4,5,tech
0,3,4,5,0,sales
0,3,4,5,1,sales
0,3,4,5,2,sales
0,3,4,5,3,sales
0,3,4,5,4,sales
0,3,4,5,5,both
0,3,5,0,0,none
0,3,5,0,1,none
0,3,5,0,2,none
0,3,5,0,3,tech
0,3,5,0,4,tech
0,3,5,0,5,tech
0,3,5,1,0,none
0,3,5,1,1,none
0,3,5,1,2,none
0,3,5,1,3,tech
0,3,5,1,4,tech
0,3,5,1,5,tech
0,3,5,2,0,none
0,3,5,2,1,none
0,3,5,2,2,none
0,3,5,2,3,tech
0,3,5,2,4,tech
0,3,5,2,5,tech
0,3,5,3,0,sales
0,3,5,3,1,sales
0,3,5,3,2,sales
0,3,5,3,3,none
0,3,5,3,4,tech
0,3,5,3,5,tech
0,3,5,4,0,sales
0,3,5,4,1,sales
0,3,5,4,2,sales
0,3,5,4,3,sales
0,3,5,4,4,none
0,3,5,4,5,tech
0,3,5,5,0,sales
0,3,5,5,1,sales
0,3,5,5,2,sales
0,3,5,5,3,sales
0,3,5,5,4,sales
0,3,5,5,5,both
0,4,0,0,0,none
0,4,0,0,1,none
0,4,0,0,2,none
0,4,0,0,3,tech
0,4,0,0,4,tech
0,4,0,0,5,tech
0,4,0,1,0,none
0,4,0,1,1,none
0,4,0,1,2,none
0,4,0,1,3,tech
0,4,0,1,4,tech
0,4,0,1,5,tech
0,4,0,2,0,none
0,4,0,2,1,none
0,4,0,2,2,none
0,4,0,2,3,tech
0,4,0,2,4,tech
0,4,0,2,5,tech
0,4,0,3,0,sales
0,4,0,3,1,sales
0,4,0,3,2,sales
0,4,0,3,3,none
0,4,0,3,4,tech
0,4,0,3,5,tech
0,4,0,4,0,sales
0,4,0,4,1,sales
0,4,0,4,2,sales
0,4,0,4,3,sales
0,4,0,4,4,none
0,4,0,4,5,tech
0,4,0,5,0,sales
0,4,0,5,1,sales
0,4,0,5,2,sales
0,4,0,5,3,sales
0,4,0,5,4,sales
0,4,0,5,5,none
0,4,1,0,0,none
0,4,1,0,1,none
0,4,1,0,2,none
0,4,1,0,3,tech
0,4,1,0,4,tech
0,4,1,0,5,tech
0,4,1,1,0,none
0,4,1,1,1,none
0,4,1,1,2,none
0,4,1,1,3,tech
0,4,1,1,4,tech
0,4,1,1,5,tech
0,4,1,2,0,none
0,4,1,2,1,none
0,4,1,2,2,none
0,4,1,2,3,tech
0,4,1,2,4,tech
0,4,1,2,5,tech
0,4,1,3,0,sales
0,4,1,3,1,sales
0,4,1,3,2,sales
0,4,1,3,3,none
0,4,1,3,4,tech
0,4,1,3,5,tech
0,4,1,4,0,sales
0,4,1,4,1,sales
0,4,1,4,2,sales
0,4,1,4,3,sales
0,4,1,4,4,none
0,4,1,4,5,tech
0,4,1,5,0,sales
0,4,1,5,1,sales
0,4,1,5,2,sales
0,4,1,5,3,sales
0,4,1,5,4,sales
0,4,1,5,5,none
0,4,2,0,0,none
0,4,2,0,1,none
0,4,2,0,2,none
0,4,2,0,3,tech
0,4,2,0,4,tech
0,4,2,0,5,tech
0,4,2,1,0,none
0,4,2,1,1,none
0,4,2,1,2,none
0,4,2,1,3,tech
0,4,2,1,4,tech
0,4,2,1,5,tech
0,4,2,2,0,none
0,4,2,2,1,none
0,4,2,2,2,none
0,4,2,2,3,tech
0,4,2,2,4,tech
0,4,2,2,5,tech
0,4,2,3,0,sales
0,4,2,3,1,sales
0,4,2,3,2,sales
0,4,2,3,3,none
0,4,2,3,4,tech
0,4,2,3,5,tech
0,4,2,4,0,sales
0,4,2,4,1,sales
0,4,2,4,2,sales
0,4,2,4,3,sales
0,4,2,4,4,none
0,4,2,4,5,tech
0,4,2,5,0,sales
0,4,2,5,1,sales
0,4,2,5,2,sales
0,4,2,5,3,sales
0,4,2,5,4,sales
0,4,2,5,5,none
0,4,3,0,0,none
0,4,3,0,1,none
0,4,3,0,2,none
0,4,3,0,3,tech
0,4,3,0,4,tech
0,4,3,0,5,tech
0,4,3,1,0,none
0,4,3,1,1,none
0,4,3,1,2,none
0,4,3,1,3,tech
0,4,3,1,4,tech
0,4,3,1,5,tech
0,4,3,2,0,none
0,4,3,2,1,none
0,4,3,2,2,none
0,4,3,2,3,tech
0,4,3,2,4,tech
0,4,3,2,5,tech
0,4,3,3,0,sales
0,4,3,3,1,sales
0,4,3,3,2,sales
0,4,3,3,3,none
0,4,3,3,4,tech
0,4,3,3,5,tech
0,4,3,4,0,sales
0,4,3,4,1,sales
0,4,3,4,2,sales
0,4,3,4,3,sales
0,4,3,4,4,none
0,4,3,4,5,tech
0,4,3,5,0,sales
0,4,3,5,1,sales
0,4,3,5,2,sales
0,4,3,5,3,sales
0,4,3,5,4,sales
0,4,3,5,5,none
0,4,4,0,0,none
0,4,4,0,1,none
0,4,4,0,2,none
0,4,4,0,3,tech
0,4,4,0,4,tech
0,4,4,0,5,tech
0,4,4,1,0,none
0,4,4,1,1,none
0,4,4,1,2,none
0,4,4,1,3,tech
0,4,4,1,4,tech
0,4,4,1,5,tech
0,4,4,2,0,none
0,4,4,2,1,none
0,4,4,2,2,none
0,4,4,2,3,tech
0,4,4,2,4,tech
0,4,4,2,5,tech
0,4,4,3,0,sales
0,4,4,3,1,sales
0,4,4,3,2,sales
0,4,4,3,3,none
0,4,4,3,4,tech
0,4,4,3,5,tech
0,4,4,4,0,sales
0,4,4,4,1,sales
0,4,4,4,2,sales
0,4,4,4,3,sales
0,4,4,4,4,none
0,4,4,4,5,tech
0,4,4,5,0,sales
0,4,4,5,1,sales
0,4,4,5,2,sales
0,4,4,5,3,sales
0,4,4,5,4,sales
0,4,4,5,5,none
0,4,5,0,0,none
0,4,5,0,1,none
0,4,5,0,2,none
0,4,5,0,3,tech
0,4,5,0,4,tech
0,4,5,0,5,tech
0,4,5,1,0,none
0,4,5,1,1,none
0,4,5,1,2,none
0,4,5,1,3,tech
0,4,5,1,4,tech
0,4,5,1,5,tech
0,4,5,2,0,none
0,4,5,2,1,none
0,4,5,2,2,none
0,4,5,2,3,tech
0,4,5,2,4,tech
0,4,5,2,5,tech
0,4,5,3,0,sales
0,4,5,3,1,sales
0,4,5,3,2,sales
0,4,5,3,3,none
0,4,5,3,4,tech
0,4,5,3,5,tech
0,4,5,4,0,sales
0,4,5,4,1,sales
0,4,5,4,2,sales
0,4,5,4,3,sales
0,4,5,4,4,none
0,4,5,4,5,tech
0,4,5,5,0,sales
0,4,5,5,1,sales
0,4,5,5,2,sales
0,4,5,5,3,sales
0,4,5,5,4,sales
0,4,5,5,5,none
0,5,0,0,0,none
0,5,0,0,1,none
0,5,0,0,2,none
0,5,0,0,3,tech
0,5,0,0,4,tech
0,5,0,0,5,tech
0,5,0,1,0,none
0,5,0,1,1,none
0,5,0,1,2,none
0,5,0,1,3,tech
0,5,0,1,4,tech
0,5,0,1,5,tech
0,5,0,2,0,none
0,5,0,2,1,none
0,5,0,2,2,none
0,5,0,2,3,tech
0,5,0,2,4,tech
0,5,0,2,5,tech
0,5,0,3,0,sales
0,5,0,3,1,sales
0,5,0,3,2,sales
0,5,0,3,3,none
0,5,0,3,4,tech
0,5,0,3,5,tech
0,5,0,4,0,sales
0,5,0,4,1,sales
0,5,0,4,2,sales
0,5,0,4,3,sales
0,5,0,4,4,none
0,5,0,4,5,tech
0,5,0,5,0,sales
0,5,0,5,1,sales
0,5,0,5,2,sales
0,5,0,5,3,sales
0,5,0,5,4,sales
0,5,0,5,5,none
0,5,1,0,0,none
0,5,1,0,1,none
0,5,1,0,2,none
0,5,1,0,3,tech
0,5,1,0,4,tech
0,5,1,0,5,tech
0,5,1,1,0,none
0,5,1,1,1,none
0,5,1,1,2,none
0,5,1,1,3,tech
0,5,1,1,4,tech
0,5,1,1,5,tech
0,5,1,2,0,none
0,5,1,2,1,none
0,5,1,2,2,none
0,5,1,2,3,tech
0,5,1,2,4,tech
0,5,1,2,5,tech
0,5,1,3,0,sales
0,5,1,3,1,sales
0,5,1,3,2,sales
0,5,1,3,3,none
0,5,1,3,4,tech
0,5,1,3,5,tech
0,5,1,4,0,sales
0,5,1,4,1,sales
0,5,1,4,2,sales
0,5,1,4,3,sales
0,5,1,4,4,none
0,5,1,4,5,tech
0,5,1,5,0,sales
0,5,1,5,1,sales
0,5,1,5,2,sales
0,5,1,5,3,sales
0,5,1,5,4,sales
0,5,1,5,5,none
0,5,2,0,0,none
0,5,2,0,1,none
0,5,2,0,2,none
0,5,2,0,3,tech
0,5,2,0,4,tech
0,5,2,0,5,tech
0,5,2,1,0,none
0,5,2,1,1,none
0,5,2,1,2,none
0,5,2,1,3,tech
0,5,2,1,4,tech
0,5,2,1,5,tech
0,5,2,2,0,none
0,5,2,2,1,none
0,5,2,2,2,none
0,5,2,2,3,tech
0,5,2,2,4,tech
0,5,2,2,5,tech
0,5,2,3,0,sales
0,5,2,3,1,sales
0,5,2,3,2,sales
0,5,2,3,3,none
0,5,2,3,4,tech
0,5,2,3,5,tech
0,5,2,4,0,sales
0,5,2,4,1,sales
0,5,2,4,2,sales
0,5,2,4,3,sales
0,5,2,4,4,none
0,5,2,4,5,tech
0,5,2,5,0,sales
0,5,2,5,1,sales
0,5,2,5,2,sales
0,5,2,5,3,sales
0,5,2,5,4,sales
0,5,2,5,5,none
0,5,3,0,0,none
0,5,3,0,1,none
0,5,3,0,2,none
0,5,3,0,3,tech
0,5,3,0,4,tech
0,5,3,0,5,tech
0,5,3,1,0,none
0,5,3,1,1,none
0,5,3,1,2,none
0,5,3,1,3,tech
0,5,3,1,4,tech
0,5,3,1,5,tech
0,5,3,2,0,none
0,5,3,2,1,none
0,5,3,2,2,none
0,5,3,2,3,tech
0,5,3,2,4,tech
0,5,3,2,5,tech
0,5,3,3,0,sales
0,5,3,3,1,sales
0,5,3,3,2,sales
0,5,3,3,3,none
0,5,3,3,4,tech
0,5,3,3,5,tech
0,5,3,4,0,sales
0,5,3,4,1,sales
0,5,3,4,2,sales
0,5,3,4,3,sales
0,5,3,4,4,none
0,5,3,4,5,tech
0,5,3,5,0,sales
0,5,3,5,1,sales
0,5,3,5,2,sales
0,5,3,5,3,sales
0,5,3,5,4,sales
0,5,3,5,5,none
0,5,4,0,0,none
0,5,4,0,1,none
0,5,4,0,2,none
0,5,4,0,3,tech
0,5,4,0,4,tech
0,5,4,0,5,tech
0,5,4,1,0,none
0,5,4,1,1,none
0,5,4,1,2,none
0,5,4,1,3,tech
0,5,4,1,4,tech
0,5,4,1,5,tech
0,5,4,2,0,none
0,5,4,2,1,none
0,5,4,2,2,none
0,5,4,2,3,tech
0,5,4,2,4,tech
0,5,4,2,5,tech
0,5,4,3,0,sales
0,5,4,3,1,sales
0,5,4,3,2,sales
0,5,4,3,3,none
0,5,4,3,4,tech
0,5,4,3,5,tech
0,5,4,4,0,sales
0,5,4,4,1,sales
0,5,4,4,2,sales
0,5,4,4,3,sales
0,5,4,4,4,none
0,5,4,4,5,tech
0,5,4,5,0,sales
0,5,4,5,1,sales
0,5,4,5,2,sales
0,5,4,5,3,sales
0,5,4,5,4,sales
0,5,4,5,5,none
0,5,5,0,0,none
0,5,5,0,1,none
0,5,5,0,2,none
0,5,5,0,3,tech
0,5,5,0,4,tech
0,5,5,0,5,tech
0,5,5,1,0,none
0,5,5,1,1,none
0,5,5,1,2,none
0,5,5,1,3,tech
0,5,5,1,4,tech
0,5,5,1,5,tech
0,5,5,2,0,none
0,5,5,2,1,none
0,5,5,2,2,none
0,5,5,2,3,tech
0,5,5,2,4,tech
0,5,5,2,5,tech
0,5,5,3,0,sales
0,5,5,3,1,sales
0,5,5,3,2,sales
0,5,5,3,3,none
0,5,5,3,4,tech
0,5,5,3,5,tech
0,5,5,4,0,sales
0,5,5,4,1,sales
0,5,5,4,2,sales
0,5,5,4,3,sales
0,5,5,4,4,none
0,5,5,4,5,tech
0,5,5,5,0,sales
0,5,5,5,1,sales
0,5,5,5,2,sales
0,5,5,5,3,sales
0,5,5,5,4,sales
0,5,5,5,5,none
1,1,1,1,1,none
1,1,1,1,2,none
1,1,1,1,3,tech
1,1,1,1,4,tech
1,1,1,1,5,tech
1,1,1,2,1,none
1,1,1,2,2,none
1,1,1,2,3,tech
1,1,1,2,4,tech
1,1,1,2,5,tech
1,1,1,3,1,sales
1,1,1,3,2,sales
1,1,1,3,3,none
1,1,1,3,4,tech
1,1,1,3,5,tech
1,1,1,4,1,sales
1,1,1,4,2,sales
1,1,1,4,3,sales
1,1,1,4,4,both
1,1,1,4,5,tech
1,1,1,5,1,sales
1,1,1,5,2,sales
1,1,1,5,3,sales
1,1,1,5,4,sales
1,1,1,5,5,both
1,1,2,1,1,none
1,1,2,1,2,none
1,1,2,1,3,tech
1,1,2,1,4,tech
1,1,2,1,5,tech
1,1,2,2,1,none
1,1,2,2,2,none
1,1,2,2,3,tech
1,1,2,2,4,tech
1,1,2,2,5,tech
1,1,2,3,1,sales
1,1,2,3,2,sales
1,1,2,3,3,none
1,1,2,3,4,tech
1,1,2,3,5,tech
1,1,2,4,1,sales
1,1,2,4,2,sales
1,1,2,4,3,sales
1,1,2,4,4,both
1,1,2,4,5,tech
1,1,2,5,1,sales
1,1,2,5,2,sales
1,1,2,5,3,sales
1,1,2,5,4,sales
1,1,2,5,5,both
1,1,3,1,1,none
1,1,3,1,2,none
1,1,3,1,3,tech
1,1,3,1,4,tech
1,1,3,1,5,tech
1,1,3,2,1,none
1,1,3,2,2,none
1,1,3,2,3,tech
1,1,3,2,4,tech
1,1,3,2,5,tech
1,1,3,3,1,sales
1,1,3,3,2,sales
1,1,3,3,3,both
1,1,3,3,4,tech
1,1,3,3,5,tech
1,1,3,4,1,sales
1,1,3,4,2,sales
1,1,3,4,3,sales
1,1,3,4,4,both
1,1,3,4,5,tech
1,1,3,5,1,sales
1,1,3,5,2,sales
1,1,3,5,3,sales
1,1,3,5,4,sales
1,1,3,5,5,both
1,1,4,1,1,none
1,1,4,1,2,none
1,1,4,1,3,tech
1,1,4,1,4,tech
1,1,4,1,5,tech
1,1,4,2,1,none
1,1,4,2,2,none
1,1,4,2,3,tech
1,1,4,2,4,tech
1,1,4,2,5,tech
1,1,4,3,1,sales
1,1,4,3,2,sales
1,1,4,3,3,both
1,1,4,3,4,tech
1,1,4,3,5,tech
1,1,4,4,1,sales
1,1,4,4,2,sales
1,1,4,4,3,sales
1,1,4,4,4,both
1,1,4,4,5,tech
1,1,4,5,1,sales
1,1,4,5,2,sales
1,1,4,5,3,sales
1,1,4,5,4,sales
1,1,4,5,5,both
1,1,5,1,1,none
1,1,5,1,2,none
1,1,5,1,3,tech
1,1,5,1,4,tech
1,1,5,1,5,tech
1,1,5,2,1,none
1,1,5,2,2,none
1,1,5,2,3,tech
1,1,5,2,4,tech
1,1,5,2,5,tech
1,1,5,3,1,sales
1,1,5,3,2,sales
1,1,5,3,3,both
1,1,5,3,4,tech
1,1,5,3,5,tech
1,1,5,4,1,sales
1,1,5,4,2,sales
1,1,5,4,3,sales
1,1,5,4,4,both
1,1,5,4,5,tech
1,1,5,5,1,sales
1,1,5,5,2,sales
1,1,5,5,3,sales
1,1,5,5,4,sales
1,1,5,5,5,both
1,2,1,1,1,none
1,2,1,1,2,none
1,2,1,1,3,tech
1,2,1,1,4,tech
1,2,1,1,5,tech
1,2,1,2,1,none
1,2,1,2,2,none
1,2,1,2,3,tech
1,2,1,2,4,tech
1,2,1,2,5,tech
1,2,1,3,1,sales
1,2,1,3,2,sales
1,2,1,3,3,none
1,2,1,3,4,tech
1,2,1,3,5,tech
1,2,1,4,1,sales
1,2,1,4,2,sales
1,2,1,4,3,sales
1,2,1,4,4,none
1,2,1,4,5,tech
1,2,1,5,1,sales
1,2,1,5,2,sales
1,2,1,5,3,sales
1,2,1,5,4,sales
1,2,1,5,5,both
1,2,2,1,1,none
1,2,2,1,2,none
1,2,2,1,3,tech
1,2,2,1,4,tech
1,2,2,1,5,tech
1,2,2,2,1,none
1,2,2,2,2,none
1,2,2,2,3,tech
1,2,2,2,4,tech
1,2,2,2,5,tech
1,2,2,3,1,sales
1,2,2,3,2,sales
1,2,2,3,3,none
1,2,2,3,4,tech
1,2,2,3,5,tech
1,2,2,4,1,sales
1,2,2,4,2,sales
1,2,2,4,3,sales
1,2,2,4,4,both
1,2,2,4,5,tech
1,2,2,5,1,sales
1,2,2,5,2,sales
1,2,2,5,3,sales
1,2,2,5,4,sales
1,2,2,5,5,both
1,2,3,1,1,none
1,2,3,1,2,none
1,2,3,1,3,tech
1,2,3,1,4,tech
1,2,3,1,5,tech
1,2,3,2,1,none
1,2,3,2,2,none
1,2,3,2,3,tech
1,2,3,2,4,tech
1,2,3,2,5,tech
1,2,3,3,1,sales
1,2,3,3,2,sales
1,2,3,3,3,none
1,2,3,3,4,tech
1,2,3,3,5,tech
1,2,3,4,1,sales
1,2,3,4,2,sales
1,2,3,4,3,sales
1,2,3,4,4,both
1,2,3,4,5,tech
1,2,3,5,1,sales
1,2,3,5,2,sales
1,2,3,5,3,sales
1,2,3,5,4,sales
1,2,3,5,5,both
1,2,4,1,1,none
1,2,4,1,2,none
1,2,4,1,3,tech
1,2,4,1,4,tech
1,2,4,1,5,tech
1,2,4,2,1,none
1,2,4,2,2,none
1,2,4,2,3,tech
1,2,4,2,4,tech
1,2,4,2,5,tech
1,2,4,3,1,sales
1,2,4,3,2,sales
1,2,4,3,3,none
1,2,4,3,4,tech
1,2,4,3,5,tech
1,2,4,4,1,sales
1,2,4,4,2,sales
1,2,4,4,3,sales
1,2,4,4,4,both
1,2,4,4,5,tech
1,2,4,5,1,sales
1,2,4,5,2,sales
1,2,4,5,3,sales
1,2,4,5,4,sales
1,2,4,5,5,both
1,2,5,1,1,none
1,2,5,1,2,none
1,2,5,1,3,tech
1,2,5,1,4,tech
1,2,5,1,5,tech
1,2,5,2,1,none
1,2,5,2,2,none
1,2,5,2,3,tech
1,2,5,2,4,tech
1,2,5,2,5,tech
1,2,5,3,1,sales
1,2,5,3,2,sales
1,2,5,3,3,both
1,2,5,3,4,tech
1,2,5,3,5,tech
1,2,5,4,1,sales
1,2,5,4,2,sales
1,2,5,4,3,sales
1,2,5,4,4,both
1,2,5,4,5,tech
1,2,5,5,1,sales
1,2,5,5,2,sales
1,2,5,5,3,sales
1,2,5,5,4,sales
1,2,5,5,5,both
1,3,1,1,1,none
1,3,1,1,2,none
1,3,1,1,3,tech
1,3,1,1,4,tech
1,3,1,1,5,tech
1,3,1,2,1,none
1,3,1,2,2,none
1,3,1,2,3,tech
1,3,1,2,4,tech
1,3,1,2,5,tech
1,3,1,3,1,sales
1,3,1,3,2,sales
1,3,1,3,3,none
1,3,1,3,4,tech
1,3,1,3,5,tech
1,3,1,4,1,sales
1,3,1,4,2,sales
1,3,1,4,3,sales
1,3,1,4,4,none
1,3,1,4,5,tech
1,3,1,5,1,sales
1,3,1,5,2,sales
1,3,1,5,3,sales
1,3,1,5,4,sales
1,3,1,5,5,both
1,3,2,1,1,none
1,3,2,1,2,none
1,3,2,1,3,tech
1,3,2,1,4,tech
1,3,2,1,5,tech
1,3,2,2,1,none
1,3,2,2,2,none
1,3,2,2,3,tech
1,3,2,2,4,tech
1,3,2,2,5,tech
1,3,2,3,1,sales
1,3,2,3,2,sales
1,3,2,3,3,none
1,3,2,3,4,tech
1,3,2,3,5,tech
1,3,2,4,1,sales
1,3,2,4,2,sales
1,3,2,4,3,sales
1,3,2,4,4,none
1,3,2,4,5,tech
1,3,2,5,1,sales
1,3,2,5,2,sales
1,3,2,5,3,sales
1,3,2,5,4,sales
1,3,2,5,5,both
1,3,3,1,1,none
1,3,3,1,2,none
1,3,3,1,3,tech
1,3,3,1,4,tech
1,3,3,1,5,tech
1,3,3,2,1,none
1,3,3,2,2,none
1,3,3,2,3,tech
1,3,3,2,4,tech
1,3,3,2,5,tech
1,3,3,3,1,sales
1,3,3,3,2,sales
1,3,3,3,3,none
1,3,3,3,4,tech
1,3,3,3,5,tech
1,3,3,4,1,sales
1,3,3,4,2,sales
1,3,3,4,3,sales
1,3,3,4,4,none
1,3,3,4,5,tech
1,3,3,5,1,sales
1,3,3,5,2,sales
1,3,3,5,3,sales
1,3,3,5,4,sales
1,3,3,5,5,both
1,3,4,1,1,none
1,3,4,1,2,none
1,3,4,1,3,tech
1,3,4,1,4,tech
1,3,4,1,5,tech
1,3,4,2,1,none
1,3,4,2,2,none
1,3,4,2,3,tech
1,3,4,2,4,tech
1,3,4,2,5,tech
1,3,4,3,1,sales
1,3,4,3,2,sales
1,3,4,3,3,none
1,3,4,3,4,tech
1,3,4,3,5,tech
1,3,4,4,1,sales
1,3,4,4,2,sales
1,3,4,4,3,sales
1,3,4,4,4,both
1,3,4,4,5,tech
1,3,4,5,1,sales
1,3,4,5,2,sales
1,3,4,5,3,sales
1,3,4,5,4,sales
1,3,4,5,5,both
1,3,5,1,1,none
1,3,5,1,2,none
1,3,5,1,3,tech
1,3,5,1,4,tech
1,3,5,1,5,tech
1,3,5,2,1,none
1,3,5,2,2,none
1,3,5,2,3,tech
1,3,5,2,4,tech
1,3,5,2,5,tech
1,3,5,3,1,sales
1,3,5,3,2,sales
1,3,5,3,3,none
1,3,5,3,4,tech
1,3,5,3,5,tech
1,3,5,4,1,sales
1,3,5,4,2,sales
1,3,5,4,3,sales
1,3,5,4,4,both
1,3,5,4,5,tech
1,3,5,5,1,sales
1,3,5,5,2,sales
1,3,5,5,3,sales
1,3,5,5,4,sales
1,3,5,5,5,both
1,4,1,1,1,none
1,4,1,1,2,none
1,4,1,1,3,tech
1,4,1,1,4,tech
1,4,1,1,5,tech
1,4,1,2,1,none
1,4,1,2,2,none
1,4,1,2,3,tech
1,4,1,2,4,tech
1,4,1,2,5,tech
1,4,1,3,1,sales
1,4,1,3,2,sales
1,4,1,3,3,none
1,4,1,3,4,tech
1,4,1,3,5,tech
1,4,1,4,1,sales
1,4,1,4,2,sales
1,4,1,4,3,sales
1,4,1,4,4,none
1,4,1,4,5,tech
1,4,1,5,1,sales
1,4,1,5,2,sales
1,4,1,5,3,sales
1,4,1,5,4,sales
1,4,1,5,5,none
1,4,2,1,1,none
1,4,2,1,2,none
1,4,2,1,3,tech
1,4,2,1,4,tech
1,4,2,1,5,tech
1,4,2,2,1,none
1,4,2,2,2,none
1,4,2,2,3,tech
1,4,2,2,4,tech
1,4,2,2,5,tech
1,4,2,3,1,sales
1,4,2,3,2,sales
1,4,2,3,3,none
1,4,2,3,4,tech
1,4,2,3,5,tech
1,4,2,4,1,sales
1,4,2,4,2,sales
1,4,2,4,3,sales
1,4,2,4,4,none
1,4,2,4,5,tech
1,4,2,5,1,sales
1,4,2,5,2,sales
1,4,2,5,3,sales
1,4,2,5,4,sales
1,4,2,5,5,none
1,4,3,1,1,none
1,4,3,1,2,none
1,4,3,1,3,tech
1,4,3,1,4,tech
1,4,3,1,5,tech
1,4,3,2,1,none
1,4,3,2,2,none
1,4,3,2,3,tech
1,4,3,2,4,tech
1,4,3,2,5,tech
1,4,3,3,1,sales
1,4,3,3,2,sales
1,4,3,3,3,none
1,4,3,3,4,tech
1,4,3,3,5,tech
1,4,3,4,1,sales
1,4,3,4,2,sales
1,4,3,4,3,sales
1,4,3,4,4,none
1,4,3,4,5,tech
1,4,3,5,1,sales
1,4,3,5,2,sales
1,4,3,5,3,sales
1,4,3,5,4,sales
1,4,3,5,5,both
1,4,4,1,1,none
1,4,4,1,2,none
1,4,4,1,3,tech
1,4,4,1,4,tech
1,4,4,1,5,tech
1,4,4,2,1,none
1,4,4,2,2,none
1,4,4,2,3,tech
1,4,4,2,4,tech
1,4,4,2,5,tech
1,4,4,3,1,sales
1,4,4,3,2,sales
1,4,4,3,3,none
1,4,4,3,4,tech
1,4,4,3,5,tech
1,4,4,4,1,sales
1,4,4,4,2,sales
1,4,4,4,3,sales
1,4,4,4,4,none
1,4,4,4,5,tech
1,4,4,5,1,sales
1,4,4,5,2,sales
1,4,4,5,3,sales
1,4,4,5,4,sales
1,4,4,5,5,both
1,4,5,1,1,none
1,4,5,1,2,none
1,4,5,1,3,tech
1,4,5,1,4,tech
1,4,5,1,5,tech
1,4,5,2,1,none
1,4,5,2,2,none
1,4,5,2,3,tech
1,4,5,2,4,tech
1,4,5,2,5,tech
1,4,5,3,1,sales
1,4,5,3,2,sales
1,4,5,3,3,none
1,4,5,3,4,tech
1,4,5,3,5,tech
1,4,5,4,1,sales
1,4,5,4,2,sales
1,4,5,4,3,sales
1,4,5,4,4,none
1,4,5,4,5,tech
1,4,5,5,1,sales
1,4,5,5,2,sales
1,4,5,5,3,sales
1,4,5,5,4,sales
1,4,5,5,5,both
1,5,1,1,1,none
1,5,1,1,2,none
1,5,1,1,3,tech
1,5,1,1,4,tech
1,5,1,1,5,tech
1,5,1,2,1,none
1,5,1,2,2,none
1,5,1,2,3,tech
1,5,1,2,4,tech
1,5,1,2,5,tech
1,5,1,3,1,sales
1,5,1,3,2,sales
1,5,1,3,3,none
1,5,1,3,4,tech
1,5,1,3,5,tech
1,5,1,4,1,sales
1,5,1,4,2,sales
1,5,1,4,3,sales
1,5,1,4,4,none
1,5,1,4,5,tech
1,5,1,5,1,sales
1,5,1,5,2,sales
1,5,1,5,3,sales
1,5,1,5,4,sales
1,5,1,5,5,none
1,5,2,1,1,none
1,5,2,1,2,none
1,5,2,1,3,tech
1,5,2,1,4,tech
1,5,2,1,5,tech
1,5,2,2,1,none
1,5,2,2,2,none
1,5,2,2,3,tech
1,5,2,2,4,tech
1,5,2,2,5,tech
1,5,2,3,1,sales
1,5,2,3,2,sales
1,5,2,3,3,none
1,5,2,3,4,tech
1,5,2,3,5,tech
1,5,2,4,1,sales
1,5,2,4,2,sales
1,5,2,4,3,sales
1,5,2,4,4,none
1,5,2,4,5,tech
1,5,2,5,1,sales
1,5,2,5,2,sales
1,5,2,5,3,sales
1,5,2,5,4,sales
1,5,2,5,5,none
1,5,3,1,1,none
1,5,3,1,2,none
1,5,3,1,3,tech
1,5,3,1,4,tech
1,5,3,1,5,tech
1,5,3,2,1,none
1,5,3,2,2,none
1,5,3,2,3,tech
1,5,3,2,4,tech
1,5,3,2,5,tech
1,5,3,3,1,sales
1,5,3,3,2,sales
1,5,3,3,3,none
1,5,3,3,4,tech
1,5,3,3,5,tech
1,5,3,4,1,sales
1,5,3,4,2,sales
1,5,3,4,3,sales
1,5,3,4,4,none
1,5,3,4,5,tech
1,5,3,5,1,sales
1,5,3,5,2,sales
1,5,3,5,3,sales
1,5,3,5,4,sales
1,5,3,5,5,none
1,5,4,1,1,none
1,5,4,1,2,none
1,5,4,1,3,tech
1,5,4,1,4,tech
1,5,4,1,5,tech
1,5,4,2,1,none
1,5,4,2,2,none
1,5,4,2,3,tech
1,5,4,2,4,tech
1,5,4,2,5,tech
1,5,4,3,1,sales
1,5,4,3,2,sales
1,5,4,3,3,none
1,5,4,3,4,tech
1,5,4,3,5,tech
1,5,4,4,1,sales
1,5,4,4,2,sales
1,5,4,4,3,sales
1,5,4,4,4,none
1,5,4,4,5,tech
1,5,4,5,1,sales
1,5,4,5,2,sales
1,5,4,5,3,sales
1,5,4,5,4,sales
1,5,4,5,5,none
1,5,5,1,1,none
1,5,5,1,2,none
1,5,5,1,3,tech
1,5,5,1,4,tech
1,5,5,1,5,tech
1,5,5,2,1,none
1,5,5,2,2,none
1,5,5,2,3,tech
1,5,5,2,4,tech
1,5,5,2,5,tech
1,5,5,3,1,sales
1,5,5,3,2,sales
1,5,5,3,3,none
1,5,5,3,4,tech
1,5,5,3,5,tech
1,5,5,4,1,sales
1,5,5,4,2,sales
1,5,5,4,3,sales
1,5,5,4,4,none
1,5,5,4,5,tech
1,5,5,5,1,sales
1,5,5,5,2,sales
1,5,5,5,3,sales
1,5,5,5,4,sales
1,5,5,5,5,none
2,1,1,1,1,none
2,1,1,1,2,none
2,1,1,1,3,tech
2,1,1,1,4,tech
2,1,1,1,5,tech
2,1,1,2,1,none
2,1,1,2,2,none
2,1,1,2,3,tech
2,1,1,2,4,tech
2,1,1,2,5,tech
2,1,1,3,1,sales
2,1,1,3,2,sales
2,1,1,3,3,both
2,1,1,3,4,tech
2,1,1,3,5,tech
2,1,1,4,1,sales
2,1,1,4,2,sales
2,1,1,4,3,sales
2,1,1,4,4,both
2,1,1,4,5,tech
2,1,1,5,1,sales
2,1,1,5,2,sales
2,1,1,5,3,sales
2,1,1,5,4,sales
2,1,1,5,5,both
2,1,2,1,1,none
2,1,2,1,2,none
2,1,2,1,3,tech
2,1,2,1,4,tech
2,1,2,1,5,tech
2,1,2,2,1,none
2,1,2,2,2,none
2,1,2,2,3,tech
2,1,2,2,4,tech
2,1,2,2,5,tech
2,1,2,3,1,sales
2,1,2,3,2,sales
2,1,2,3,3,both
2,1,2,3,4,tech
2,1,2,3,5,tech
2,1,2,4,1,sales
2,1,2,4,2,sales
2,1,2,4,3,sales
2,1,2,4,4,both
2,1,2,4,5,tech
2,1,2,5,1,sales
2,1,2,5,2,sales
2,1,2,5,3,sales
2,1,2,5,4,sales
2,1,2,5,5,both
2,1,3,1,1,none
2,1,3,1,2,none
2,1,3,1,3,tech
2,1,3,1,4,tech
2,1,3,1,5,tech
2,1,3,2,1,none
2,1,3,2,2,both
2,1,3,2,3,tech
2,1,3,2,4,tech
2,1,3,2,5,tech
2,1,3,3,1,sales
2,1,3,3,2,sales
2,1,3,3,3,both
2,1,3,3,4,tech
2,1,3,3,5,tech
2,1,3,4,1,sales
2,1,3,4,2,sales
2,1,3,4,3,sales
2,1,3,4,4,both
2,1,3,4,5,tech
2,1,3,5,1,sales
2,1,3,5,2,sales
2,1,3,5,3,sales
2,1,3,5,4,sales
2,1,3,5,5,both
2,1,4,1,1,none
2,1,4,1,2,none
2,1,4,1,3,tech
2,1,4,1,4,tech
2,1,4,1,5,tech
2,1,4,2,1,none
2,1,4,2,2,both
2,1,4,2,3,tech
2,1,4,2,4,tech
2,1,4,2,5,tech
2,1,4,3,1,sales
2,1,4,3,2,sales
2,1,4,3,3,both
2,1,4,3,4,tech
2,1,4,3,5,tech
2,1,4,4,1,sales
2,1,4,4,2,sales
2,1,4,4,3,sales
2,1,4,4,4,both
2,1,4,4,5,tech
2,1,4,5,1,sales
2,1,4,5,2,sales
2,1,4,5,3,sales
2,1,4,5,4,sales
2,1,4,5,5,both
2,1,5,1,1,none
2,1,5,1,2,none
2,1,5,1,3,tech
2,1,5,1,4,tech
2,1,5,1,5,tech
2,1,5,2,1,none
2,1,5,2,2,both
2,1,5,2,3,tech
2,1,5,2,4,tech
2,1,5,2,5,tech
2,1,5,3,1,sales
2,1,5,3,2,sales
2,1,5,3,3,both
2,1,5,3,4,tech
2,1,5,3,5,tech
2,1,5,4,1,sales
2,1,5,4,2,sales
2,1,5,4,3,sales
2,1,5,4,4,both
2,1,5,4,5,tech
2,1,5,5,1,sales
2,1,5,5,2,sales
2,1,5,5,3,sales
2,1,5,5,4,sales
2,1,5,5,5,both
2,2,1,1,1,none
2,2,1,1,2,none
2,2,1,1,3,tech
2,2,1,1,4,tech
2,2,1,1,5,tech
2,2,1,2,1,none
2,2,1,2,2,none
2,2,1,2,3,tech
2,2,1,2,4,tech
2,2,1,2,5,tech
2,2,1,3,1,sales
2,2,1,3,2,sales
2,2,1,3,3,none
2,2,1,3,4,tech
2,2,1,3,5,tech
2,2,1,4,1,sales
2,2,1,4,2,sales
2,2,1,4,3,sales
2,2,1,4,4,both
2,2,1,4,5,tech
2,2,1,5,1,sales
2,2,1,5,2,sales
2,2,1,5,3,sales
2,2,1,5,4,sales
2,2,1,5,5,both
2,2,2,1,1,none
2,2,2,1,2,none
2,2,2,1,3,tech
2,2,2,1,4,tech
2,2,2,1,5,tech
2,2,2,2,1,none
2,2,2,2,2,none
2,2,2,2,3,tech
2,2,2,2,4,tech
2,2,2,2,5,tech
2,2,2,3,1,sales
2,2,2,3,2,sales
2,2,2,3,3,both
2,2,2,3,4,tech
2,2,2,3,5,tech
2,2,2,4,1,sales
2,2,2,4,2,sales
2,2,2,4,3,sales
2,2,2,4,4,both
2,2,2,4,5,tech
2,2,2,5,1,sales
2,2,2,5,2,sales
2,2,2,5,3,sales
2,2,2,5,4,sales
2,2,2,5,5,both
2,2,3,1,1,none
2,2,3,1,2,none
2,2,3,1,3,tech
2,2,3,1,4,tech
2,2,3,1,5,tech
2,2,3,2,1,none
2,2,3,2,2,none
2,2,3,2,3,tech
2,2,3,2,4,tech
2,2,3,2,5,tech
2,2,3,3,1,sales
2,2,3,3,2,sales
2,2,3,3,3,both
2,2,3,3,4,tech
2,2,3,3,5,tech
2,2,3,4,1,sales
2,2,3,4,2,sales
2,2,3,4,3,sales
2,2,3,4,4,both
2,2,3,4,5,tech
2,2,3,5,1,sales
2,2,3,5,2,sales
2,2,3,5,3,sales
2,2,3,5,4,sales
2,2,3,5,5,both
2,2,4,1,1,none
2,2,4,1,2,none
2,2,4,1,3,tech
2,2,4,1,4,tech
2,2,4,1,5,tech
2,2,4,2,1,none
2,2,4,2,2,none
2,2,4,2,3,tech
2,2,4,2,4,tech
2,2,4,2,5,tech
2,2,4,3,1,sales
2,2,4,3,2,sales
2,2,4,3,3,both
2,2,4,3,4,tech
2,2,4,3,5,tech
2,2,4,4,1,sales
2,2,4,4,2,sales
2,2,4,4,3,sales
2,2,4,4,4,both
2,2,4,4,5,tech
2,2,4,5,1,sales
2,2,4,5,2,sales
2,2,4,5,3,sales
2,2,4,5,4,sales
2,2,4,5,5,both
2,2,5,1,1,none
2,2,5,1,2,none
2,2,5,1,3,tech
2,2,5,1,4,tech
2,2,5,1,5,tech
2,2,5,2,1,none
2,2,5,2,2,both
2,2,5,2,3,tech
2,2,5,2,4,tech
2,2,5,2,5,tech
2,2,5,3,1,sales
2,2,5,3,2,sales
2,2,5,3,3,both
2,2,5,3,4,tech
2,2,5,3,5,tech
2,2,5,4,1,sales
2,2,5,4,2,sales
2,2,5,4,3,sales
2,2,5,4,4,both
2,2,5,4,5,tech
2,2,5,5,1,sales
2,2,5,5,2,sales
2,2,5,5,3,sales
2,2,5,5,4,sales
2,2,5,5,5,both
2,3,1,1,1,none
2,3,1,1,2,none
2,3,1,1,3,tech
2,3,1,1,4,tech
2,3,1,1,5,tech
2,3,1,2,1,none
2,3,1,2,2,none
2,3,1,2,3,tech
2,3,1,2,4,tech
2,3,1,2,5,tech
2,3,1,3,1,sales
2,3,1,3,2,sales
2,3,1,3,3,none
2,3,1,3,4,tech
2,3,1,3,5,tech
2,3,1,4,1,sales
2,3,1,4,2,sales
2,3,1,4,3,sales
2,3,1,4,4,both
2,3,1,4,5,tech
2,3,1,5,1,sales
2,3,1,5,2,sales
2,3,1,5,3,sales
2,3,1,5,4,sales
2,3,1,5,5,both
2,3,2,1,1,none
2,3,2,1,2,none
2,3,2,1,3,tech
2,3,2,1,4,tech
2,3,2,1,5,tech
2,3,2,2,1,none
2,3,2,2,2,none
2,3,2,2,3,tech
2,3,2,2,4,tech
2,3,2,2,5,tech
2,3,2,3,1,sales
2,3,2,3,2,sales
2,3,2,3,3,none
2,3,2,3,4,tech
2,3,2,3,5,tech
2,3,2,4,1,sales
2,3,2,4,2,sales
2,3,2,4,3,sales
2,3,2,4,4,both
2,3,2,4,5,tech
2,3,2,5,1,sales
2,3,2,5,2,sales
2,3,2,5,3,sales
2,3,2,5,4,sales
2,3,2,5,5,both
2,3,3,1,1,none
2,3,3,1,2,none
2,3,3,1,3,tech
2,3,3,1,4,tech
2,3,3,1,5,tech
2,3,3,2,1,none
2,3,3,2,2,none
2,3,3,2,3,tech
2,3,3,2,4,tech
2,3,3,2,5,tech
2,3,3,3,1,sales
2,3,3,3,2,sales
2,3,3,3,3,none
2,3,3,3,4,tech
2,3,3,3,5,tech
2,3,3,4,1,sales
2,3,3,4,2,sales
2,3,3,4,3,sales
2,3,3,4,4,both
2,3,3,4,5,tech
2,3,3,5,1,sales
2,3,3,5,2,sales
2,3,3,5,3,sales
2,3,3,5,4,sales
2,3,3,5,5,both
2,3,4,1,1,none
2,3,4,1,2,none
2,3,4,1,3,tech
2,3,4,1,4,tech
2,3,4,1,5,tech
2,3,4,2,1,none
2,3,4,2,2,none
2,3,4,2,3,tech
2,3,4,2,4,tech
2,3,4,2,5,tech
2,3,4,3,1,sales
2,3,4,3,2,sales
2,3,4,3,3,both
2,3,4,3,4,tech
2,3,4,3,5,tech
2,3,4,4,1,sales
2,3,4,4,2,sales
2,3,4,4,3,sales
2,3,4,4,4,both
2,3,4,4,5,tech
2,3,4,5,1,sales
2,3,4,5,2,sales
2,3,4,5,3,sales
2,3,4,5,4,sales
2,3,4,5,5,both
2,3,5,1,1,none
2,3,5,1,2,none
2,3,5,1,3,tech
2,3,5,1,4,tech
2,3,5,1,5,tech
2,3,5,2,1,none
2,3,5,2,2,none
2,3,5,2,3,tech
2,3,5,2,4,tech
2,3,5,2,5,tech
2,3,5,3,1,sales
2,3,5,3,2,sales
2,3,5,3,3,both
2,3,5,3,4,tech
2,3,5,3,5,tech
2,3,5,4,1,sales
2,3,5,4,2,sales
2,3,5,4,3,sales
2,3,5,4,4,both
2,3,5,4,5,tech
2,3,5,5,1,sales
2,3,5,5,2,sales
2,3,5,5,3,sales
2,3,5,5,4,sales
2,3,5,5,5,both
2,4,1,1,1,none
2,4,1,1,2,none
2,4,1,1,3,tech
2,4,1,1,4,tech
2,4,1,1,5,tech
2,4,1,2,1,none
2,4,1,2,2,none
2,4,1,2,3,tech
2,4,1,2,4,tech
2,4,1,2,5,tech
2,4,1,3,1,sales
2,4,1,3,2,sales
2,4,1,3,3,none
2,4,1,3,4,tech
2,4,1,3,5,tech
2,4,1,4,1,sales
2,4,1,4,2,sales
2,4,1,4,3,sales
2,4,1,4,4,none
2,4,1,4,5,tech
2,4,1,5,1,sales
2,4,1,5,2,sales
2,4,1,5,3,sales
2,4,1,5,4,sales
2,4,1,5,5,both
2,4,2,1,1,none
2,4,2,1,2,none
2,4,2,1,3,tech
2,4,2,1,4,tech
2,4,2,1,5,tech
2,4,2,2,1,none
2,4,2,2,2,none
2,4,2,2,3,tech
2,4,2,2,4,tech
2,4,2,2,5,tech
2,4,2,3,1,sales
2,4,2,3,2,sales
2,4,2,3,3,none
2,4,2,3,4,tech
2,4,2,3,5,tech
2,4,2,4,1,sales
2,4,2,4,2,sales
2,4,2,4,3,sales
2,4,2,4,4,none
2,4,2,4,5,tech
2,4,2,5,1,sales
2,4,2,5,2,sales
2,4,2,5,3,sales
2,4,2,5,4,sales
2,4,2,5,5,both
2,4,3,1,1,none
2,4,3,1,2,none
2,4,3,1,3,tech
2,4,3,1,4,tech
2,4,3,1,5,tech
2,4,3,2,1,none
2,4,3,2,2,none
2,4,3,2,3,tech
2,4,3,2,4,tech
2,4,3,2,5,tech
2,4,3,3,1,sales
2,4,3,3,2,sales
2,4,3,3,3,none
2,4,3,3,4,tech
2,4,3,3,5,tech
2,4,3,4,1,sales
2,4,3,4,2,sales
2,4,3,4,3,sales
2,4,3,4,4,both
2,4,3,4,5,tech
2,4,3,5,1,sales
2,4,3,5,2,sales
2,4,3,5,3,sales
2,4,3,5,4,sales
2,4,3,5,5,both
2,4,4,1,1,none
2,4,4,1,2,none
2,4,4,1,3,tech
2,4,4,1,4,tech
2,4,4,1,5,tech
2,4,4,2,1,none
2,4,4,2,2,none
2,4,4,2,3,tech
2,4,4,2,4,tech
2,4,4,2,5,tech
2,4,4,3,1,sales
2,4,4,3,2,sales
2,4,4,3,3,none
2,4,4,3,4,tech
2,4,4,3,5,tech
2,4,4,4,1,sales
2,4,4,4,2,sales
2,4,4,4,3,sales
2,4,4,4,4,both
2,4,4,4,5,tech
2,4,4,5,1,sales
2,4,4,5,2,sales
2,4,4,5,3,sales
2,4,4,5,4,sales
2,4,4,5,5,both
2,4,5,1,1,none
2,4,5,1,2,none
2,4,5,1,3,tech
2,4,5,1,4,tech
2,4,5,1,5,tech
2,4,5,2,1,none
2,4,5,2,2,none
2,4,5,2,3,tech
2,4,5,2,4,tech
2,4,5,2,5,tech
2,4,5,3,1,sales
2,4,5,3,2,sales
2,4,5,3,3,none
2,4,5,3,4,tech
2,4,5,3,5,tech
2,4,5,4,1,sales
2,4,5,4,2,sales
2,4,5,4,3,sales
2,4,5,4,4,both
2,4,5,4,5,tech
2,4,5,5,1,sales
2,4,5,5,2,sales
2,4,5,5,3,sales
2,4,5,5,4,sales
2,4,5,5,5,both
2,5,1,1,1,none
2,5,1,1,2,none
2,5,1,1,3,tech
2,5,1,1,4,tech
2,5,1,1,5,tech
2,5,1,2,1,none
2,5,1,2,2,none
2,5,1,2,3,tech
2,5,1,2,4,tech
2,5,1,2,5,tech
2,5,1,3,1,sales
2,5,1,3,2,sales
2,5,1,3,3,none
2,5,1,3,4,tech
2,5,1,3,5,tech
2,5,1,4,1,sales
2,5,1,4,2,sales
2,5,1,4,3,sales
2,5,1,4,4,none
2,5,1,4,5,tech
2,5,1,5,1,sales
2,5,1,5,2,sales
2,5,1,5,3,sales
2,5,1,5,4,sales
2,5,1,5,5,none
2,5,2,1,1,none
2,5,2,1,2,none
2,5,2,1,3,tech
2,5,2,1,4,tech
2,5,2,1,5,tech
2,5,2,2,1,none
2,5,2,2,2,none
2,5,2,2,3,tech
2,5,2,2,4,tech
2,5,2,2,5,tech
2,5,2,3,1,sales
2,5,2,3,2,sales
2,5,2,3,3,none
2,5,2,3,4,tech
2,5,2,3,5,tech
2,5,2,4,1,sales
2,5,2,4,2,sales
2,5,2,4,3,sales
2,5,2,4,4,none
2,5,2,4,5,tech
2,5,2,5,1,sales
2,5,2,5,2,sales
2,5,2,5,3,sales
2,5,2,5,4,sales
2,5,2,5,5,both
2,5,3,1,1,none
2,5,3,1,2,none
2,5,3,1,3,tech
2,5,3,1,4,tech
2,5,3,1,5,tech
2,5,3,2,1,none
2,5,3,2,2,none
2,5,3,2,3,tech
2,5,3,2,4,tech
2,5,3,2,5,tech
2,5,3,3,1,sales
2,5,3,3,2,sales
2,5,3,3,3,none
2,5,3,3,4,tech
2,5,3,3,5,tech
2,5,3,4,1,sales
2,5,3,4,2,sales
2,5,3,4,3,sales
2,5,3,4,4,none
2,5,3,4,5,tech
2,5,3,5,1,sales
2,5,3,5,2,sales
2,5,3,5,3,sales
2,5,3,5,4,sales
2,5,3,5,5,both
2,5,4,1,1,none
2,5,4,1,2,none
2,5,4,1,3,tech
2,5,4,1,4,tech
2,5,4,1,5,tech
2,5,4,2,1,none
2,5,4,2,2,none
2,5,4,2,3,tech
2,5,4,2,4,tech
2,5,4,2,5,tech
2,5,4,3,1,sales
2,5,4,3,2,sales
2,5,4,3,3,none
2,5,4,3,4,tech
2,5,4,3,5,tech
2,5,4,4,1,sales
2,5,4,4,2,sales
2,5,4,4,3,sales
2,5,4,4,4,none
2,5,4,4,5,tech
2,5,4,5,1,sales
2,5,4,5,2,sales
2,5,4,5,3,sales
2,5,4,5,4,sales
2,5,4,5,5,both
2,5,5,1,1,none
2,5,5,1,2,none
2,5,5,1,3,tech
2,5,5,1,4,tech
2,5,5,1,5,tech
2,5,5,2,1,none
2,5,5,2,2,none
2,5,5,2,3,tech
2,5,5,2,4,tech
2,5,5,2,5,tech
2,5,5,3,1,sales
2,5,5,3,2,sales
2,5,5,3,3,none
2,5,5,3,4,tech
2,5,5,3,5,tech
2,5,5,4,1,sales
2,5,5,4,2,sales
2,5,5,4,3,sales
2,5,5,4,4,none
2,5,5,4,5,tech
2,5,5,5,1,sales
2,5,5,5,2,sales
2,5,5,5,3,sales
2,5,5,5,4,sales
2,5,5,5,5,both
3,1,1,1,1,none
3,1,1,1,2,none
3,1,1,1,3,tech
3,1,1,1,4,tech
3,1,1,1,5,tech
3,1,1,2,1,none
3,1,1,2,2,both
3,1,1,2,3,tech
3,1,1,2,4,tech
3,1,1,2,5,tech
3,1,1,3,1,sales
3,1,1,3,2,sales
3,1,1,3,3,both
3,1,1,3,4,tech
3,1,1,3,5,tech
3,1,1,4,1,sales
3,1,1,4,2,sales
3,1,1,4,3,sales
3,1,1,4,4,both
3,1,1,4,5,tech
3,1,1,5,1,sales
3,1,1,5,2,sales
3,1,1,5,3,sales
3,1,1,5,4,sales
3,1,1,5,5,both
3,1,2,1,1,none
3,1,2,1,2,none
3,1,2,1,3,tech
3,1,2,1,4,tech
3,1,2,1,5,tech
3,1,2,2,1,none
3,1,2,2,2,both
3,1,2,2,3,tech
3,1,2,2,4,tech
3,1,2,2,5,tech
3,1,2,3,1,sales
3,1,2,3,2,sales
3,1,2,3,3,both
3,1,2,3,4,tech
3,1,2,3,5,tech
3,1,2,4,1,sales
3,1,2,4,2,sales
3,1,2,4,3,sales
3,1,2,4,4,both
3,1,2,4,5,tech
3,1,2,5,1,sales
3,1,2,5,2,sales
3,1,2,5,3,sales
3,1,2,5,4,sales
3,1,2,5,5,both
3,1,3,1,1,both
3,1,3,1,2,none
3,1,3,1,3,tech
3,1,3,1,4,tech
3,1,3,1,5,tech
3,1,3,2,1,none
3,1,3,2,2,both
3,1,3,2,3,tech
3,1,3,2,4,tech
3,1,3,2,5,tech
3,1,3,3,1,sales
3,1,3,3,2,sales
3,1,3,3,3,both
3,1,3,3,4,tech
3,1,3,3,5,tech
3,1,3,4,1,sales
3,1,3,4,2,sales
3,1,3,4,3,sales
3,1,3,4,4,both
3,1,3,4,5,tech
3,1,3,5,1,sales
3,1,3,5,2,sales
3,1,3,5,3,sales
3,1,3,5,4,sales
3,1,3,5,5,both
3,1,4,1,1,both
3,1,4,1,2,none
3,1,4,1,3,tech
3,1,4,1,4,tech
3,1,4,1,5,tech
3,1,4,2,1,none
3,1,4,2,2,both
3,1,4,2,3,tech
3,1,4,2,4,tech
3,1,4,2,5,tech
3,1,4,3,1,sales
3,1,4,3,2,sales
3,1,4,3,3,both
3,1,4,3,4,tech
3,1,4,3,5,tech
3,1,4,4,1,sales
3,1,4,4,2,sales
3,1,4,4,3,sales
3,1,4,4,4,both
3,1,4,4,5,tech
3,1,4,5,1,sales
3,1,4,5,2,sales
3,1,4,5,3,sales
3,1,4,5,4,sales
3,1,4,5,5,both
3,1,5,1,1,both
3,1,5,1,2,tech
3,1,5,1,3,tech
3,1,5,1,4,tech
3,1,5,1,5,tech
3,1,5,2,1,sales
3,1,5,2,2,both
3,1,5,2,3,tech
3,1,5,2,4,tech
3,1,5,2,5,tech
3,1,5,3,1,sales
3,1,5,3,2,sales
3,1,5,3,3,both
3,1,5,3,4,tech
3,1,5,3,5,tech
3,1,5,4,1,sales
3,1,5,4,2,sales
3,1,5,4,3,sales
3,1,5,4,4,both
3,1,5,4,5,tech
3,1,5,5,1,sales
3,1,5,5,2,sales
3,1,5,5,3,sales
3,1,5,5,4,sales
3,1,5,5,5,both
3,2,1,1,1,none
3,2,1,1,2,none
3,2,1,1,3,tech
3,2,1,1,4,tech
3,2,1,1,5,tech
3,2,1,2,1,none
3,2,1,2,2,none
3,2,1,2,3,tech
3,2,1,2,4,tech
3,2,1,2,5,tech
3,2,1,3,1,sales
3,2,1,3,2,sales
3,2,1,3,3,both
3,2,1,3,4,tech
3,2,1,3,5,tech
3,2,1,4,1,sales
3,2,1,4,2,sales
3,2,1,4,3,sales
3,2,1,4,4,both
3,2,1,4,5,tech
3,2,1,5,1,sales
3,2,1,5,2,sales
3,2,1,5,3,sales
3,2,1,5,4,sales
3,2,1,5,5,both
3,2,2,1,1,none
3,2,2,1,2,none
3,2,2,1,3,tech
3,2,2,1,4,tech
3,2,2,1,5,tech
3,2,2,2,1,none
3,2,2,2,2,both
3,2,2,2,3,tech
3,2,2,2,4,tech
3,2,2,2,5,tech
3,2,2,3,1,sales
3,2,2,3,2,sales
3,2,2,3,3,both
3,2,2,3,4,tech
3,2,2,3,5,tech
3,2,2,4,1,sales
3,2,2,4,2,sales
3,2,2,4,3,sales
3,2,2,4,4,both
3,2,2,4,5,tech
3,2,2,5,1,sales
3,2,2,5,2,sales
3,2,2,5,3,sales
3,2,2,5,4,sales
3,2,2,5,5,both
3,2,3,1,1,none
3,2,3,1,2,none
3,2,3,1,3,tech
3,2,3,1,4,tech
3,2,3,1,5,tech
3,2,3,2,1,none
3,2,3,2,2,both
3,2,3,2,3,tech
3,2,3,2,4,tech
3,2,3,2,5,tech
3,2,3,3,1,sales
3,2,3,3,2,sales
3,2,3,3,3,both
3,2,3,3,4,tech
3,2,3,3,5,tech
3,2,3,4,1,sales
3,2,3,4,2,sales
3,2,3,4,3,sales
3,2,3,4,4,both
3,2,3,4,5,tech
3,2,3,5,1,sales
3,2,3,5,2,sales
3,2,3,5,3,sales
3,2,3,5,4,sales
3,2,3,5,5,both
3,2,4,1,1,none
3,2,4,1,2,none
3,2,4,1,3,tech
3,2,4,1,4,tech
3,2,4,1,5,tech
3,2,4,2,1,none
3,2,4,2,2,both
3,2,4,2,3,tech
3,2,4,2,4,tech
3,2,4,2,5,tech
3,2,4,3,1,sales
3,2,4,3,2,sales
3,2,4,3,3,both
3,2,4,3,4,tech
3,2,4,3,5,tech
3,2,4,4,1,sales
3,2,4,4,2,sales
3,2,4,4,3,sales
3,2,4,4,4,both
3,2,4,4,5,tech
3,2,4,5,1,sales
3,2,4,5,2,sales
3,2,4,5,3,sales
3,2,4,5,4,sales
3,2,4,5,5,both
3,2,5,1,1,both
3,2,5,1,2,none
3,2,5,1,3,tech
3,2,5,1,4,tech
3,2,5,1,5,tech
3,2,5,2,1,none
3,2,5,2,2,both
3,2,5,2,3,tech
3,2,5,2,4,tech
3,2,5,2,5,tech
3,2,5,3,1,sales
3,2,5,3,2,sales
3,2,5,3,3,both
3,2,5,3,4,tech
3,2,5,3,5,tech
3,2,5,4,1,sales
3,2,5,4,2,sales
3,2,5,4,3,sales
3,2,5,4,4,both
3,2,5,4,5,tech
3,2,5,5,1,sales
3,2,5,5,2,sales
3,2,5,5,3,sales
3,2,5,5,4,sales
3,2,5,5,5,both
3,3,1,1,1,none
3,3,1,1,2,none
3,3,1,1,3,tech
3,3,1,1,4,tech
3,3,1,1,5,tech
3,3,1,2,1,none
3,3,1,2,2,none
3,3,1,2,3,tech
3,3,1,2,4,tech
3,3,1,2,5,tech
3,3,1,3,1,sales
3,3,1,3,2,sales
3,3,1,3,3,both
3,3,1,3,4,tech
3,3,1,3,5,tech
3,3,1,4,1,sales
3,3,1,4,2,sales
3,3,1,4,3,sales
3,3,1,4,4,both
3,3,1,4,5,tech
3,3,1,5,1,sales
3,3,1,5,2,sales
3,3,1,5,3,sales
3,3,1,5,4,sales
3,3,1,5,5,both
3,3,2,1,1,none
3,3,2,1,2,none
3,3,2,1,3,tech
3,3,2,1,4,tech
3,3,2,1,5,tech
3,3,2,2,1,none
3,3,2,2,2,none
3,3,2,2,3,tech
3,3,2,2,4,tech
3,3,2,2,5,tech
3,3,2,3,1,sales
3,3,2,3,2,sales
3,3,2,3,3,both
3,3,2,3,4,tech
3,3,2,3,5,tech
3,3,2,4,1,sales
3,3,2,4,2,sales
3,3,2,4,3,sales
3,3,2,4,4,both
3,3,2,4,5,tech
3,3,2,5,1,sales
3,3,2,5,2,sales
3,3,2,5,3,sales
3,3,2,5,4,sales
3,3,2,5,5,both
3,3,3,1,1,none
3,3,3,1,2,none
3,3,3,1,3,tech
3,3,3,1,4,tech
3,3,3,1,5,tech
3,3,3,2,1,none
3,3,3,2,2,none
3,3,3,2,3,tech
3,3,3,2,4,tech
3,3,3,2,5,tech
3,3,3,3,1,sales
3,3,3,3,2,sales
3,3,3,3,3,both
3,3,3,3,4,tech
3,3,3,3,5,tech
3,3,3,4,1,sales
3,3,3,4,2,sales
3,3,3,4,3,sales
3,3,3,4,4,both
3,3,3,4,5,tech
3,3,3,5,1,sales
3,3,3,5,2,sales
3,3,3,5,3,sales
3,3,3,5,4,sales
3,3,3,5,5,both
3,3,4,1,1,none
3,3,4,1,2,none
3,3,4,1,3,tech
3,3,4,1,4,tech
3,3,4,1,5,tech
3,3,4,2,1,none
3,3,4,2,2,both
3,3,4,2,3,tech
3,3,4,2,4,tech
3,3,4,2,5,tech
3,3,4,3,1,sales
3,3,4,3,2,sales
3,3,4,3,3,both
3,3,4,3,4,tech
3,3,4,3,5,tech
3,3,4,4,1,sales
3,3,4,4,2,sales
3,3,4,4,3,sales
3,3,4,4,4,both
3,3,4,4,5,tech
3,3,4,5,1,sales
3,3,4,5,2,sales
3,3,4,5,3,sales
3,3,4,5,4,sales
3,3,4,5,5,both
3,3,5,1,1,none
3,3,5,1,2,none
3,3,5,1,3,tech
3,3,5,1,4,tech
3,3,5,1,5,tech
3,3,5,2,1,none
3,3,5,2,2,both
3,3,5,2,3,tech
3,3,5,2,4,tech
3,3,5,2,5,tech
3,3,5,3,1,sales
3,3,5,3,2,sales
3,3,5,3,3,both
3,3,5,3,4,tech
3,3,5,3,5,tech
3,3,5,4,1,sales
3,3,5,4,2,sales
3,3,5,4,3,sales
3,3,5,4,4,both
3,3,5,4,5,tech
3,3,5,5,1,sales
3,3,5,5,2,sales
3,3,5,5,3,sales
3,3,5,5,4,sales
3,3,5,5,5,both
3,4,1,1,1,none
3,4,1,1,2,none
3,4,1,1,3,tech
3,4,1,1,4,tech
3,4,1,1,5,tech
3,4,1,2,1,none
3,4,1,2,2,none
3,4,1,2,3,tech
3,4,1,2,4,tech
3,4,1,2,5,tech
3,4,1,3,1,sales
3,4,1,3,2,sales
3,4,1,3,3,none
3,4,1,3,4,tech
3,4,1,3,5,tech
3,4,1,4,1,sales
3,4,1,4,2,sales
3,4,1,4,3,sales
3,4,1,4,4,both
3,4,1,4,5,tech
3,4,1,5,1,sales
3,4,1,5,2,sales
3,4,1,5,3,sales
3,4,1,5,4,sales
3,4,1,5,5,both
3,4,2,1,1,none
3,4,2,1,2,none
3,4,2,1,3,tech
3,4,2,1,4,tech
3,4,2,1,5,tech
3,4,2,2,1,none
3,4,2,2,2,none
3,4,2,2,3,tech
3,4,2,2,4,tech
3,4,2,2,5,tech
3,4,2,3,1,sales
3,4,2,3,2,sales
3,4,2,3,3,none
3,4,2,3,4,tech
3,4,2,3,5,tech
3,4,2,4,1,sales
3,4,2,4,2,sales
3,4,2,4,3,sales
3,4,2,4,4,both
3,4,2,4,5,tech
3,4,2,5,1,sales
3,4,2,5,2,sales
3,4,2,5,3,sales
3,4,2,5,4,sales
3,4,2,5,5,both
3,4,3,1,1,none
3,4,3,1,2,none
3,4,3,1,3,tech
3,4,3,1,4,tech
3,4,3,1,5,tech
3,4,3,2,1,none
3,4,3,2,2,none
3,4,3,2,3,tech
3,4,3,2,4,tech
3,4,3,2,5,tech
3,4,3,3,1,sales
3,4,3,3,2,sales
3,4,3,3,3,both
3,4,3,3,4,tech
3,4,3,3,5,tech
3,4,3,4,1,sales
3,4,3,4,2,sales
3,4,3,4,3,sales
3,4,3,4,4,both
3,4,3,4,5,tech
3,4,3,5,1,sales
3,4,3,5,2,sales
3,4,3,5,3,sales
3,4,3,5,4,sales
3,4,3,5,5,both
3,4,4,1,1,none
3,4,4,1,2,none
3,4,4,1,3,tech
3,4,4,1,4,tech
3,4,4,1,5,tech
3,4,4,2,1,none
3,4,4,2,2,none
3,4,4,2,3,tech
3,4,4,2,4,tech
3,4,4,2,5,tech
3,4,4,3,1,sales
3,4,4,3,2,sales
3,4,4,3,3,both
3,4,4,3,4,tech
3,4,4,3,5,tech
3,4,4,4,1,sales
3,4,4,4,2,sales
3,4,4,4,3,sales
3,4,4,4,4,both
3,4,4,4,5,tech
3,4,4,5,1,sales
3,4,4,5,2,sales
3,4,4,5,3,sales
3,4,4,5,4,sales
3,4,4,5,5,both
3,4,5,1,1,none
3,4,5,1,2,none
3,4,5,1,3,tech
3,4,5,1,4,tech
3,4,5,1,5,tech
3,4,5,2,1,none
3,4,5,2,2,none
3,4,5,2,3,tech
3,4,5,2,4,tech
3,4,5,2,5,tech
3,4,5,3,1,sales
3,4,5,3,2,sales
3,4,5,3,3,both
3,4,5,3,4,tech
3,4,5,3,5,tech
3,4,5,4,1,sales
3,4,5,4,2,sales
3,4,5,4,3,sales
3,4,5,4,4,both
3,4,5,4,5,tech
3,4,5,5,1,sales
3,4,5,5,2,sales
3,4,5,5,3,sales
3,4,5,5,4,sales
3,4,5,5,5,both
3,5,1,1,1,none
3,5,1,1,2,none
3,5,1,1,3,tech
3,5,1,1,4,tech
3,5,1,1,5,tech
3,5,1,2,1,none
3,5,1,2,2,none
3,5,1,2,3,tech
3,5,1,2,4,tech
3,5,1,2,5,tech
3,5,1,3,1,sales
3,5,1,3,2,sales
3,5,1,3,3,none
3,5,1,3,4,tech
3,5,1,3,5,tech
3,5,1,4,1,sales
3,5,1,4,2,sales
3,5,1,4,3,sales
3,5,1,4,4,none
3,5,1,4,5,tech
3,5,1,5,1,sales
3,5,1,5,2,sales
3,5,1,5,3,sales
3,5,1,5,4,sales
3,5,1,5,5,both
3,5,2,1,1,none
3,5,2,1,2,none
3,5,2,1,3,tech
3,5,2,1,4,tech
3,5,2,1,5,tech
3,5,2,2,1,none
3,5,2,2,2,none
3,5,2,2,3,tech
3,5,2,2,4,tech
3,5,2,2,5,tech
3,5,2,3,1,sales
3,5,2,3,2,sales
3,5,2,3,3,none
3,5,2,3,4,tech
3,5,2,3,5,tech
3,5,2,4,1,sales
3,5,2,4,2,sales
3,5,2,4,3,sales
3,5,2,4,4,both
3,5,2,4,5,tech
3,5,2,5,1,sales
3,5,2,5,2,sales
3,5,2,5,3,sales
3,5,2,5,4,sales
3,5,2,5,5,both
3,5,3,1,1,none
3,5,3,1,2,none
3,5,3,1,3,tech
3,5,3,1,4,tech
3,5,3,1,5,tech
3,5,3,2,1,none
3,5,3,2,2,none
3,5,3,2,3,tech
3,5,3,2,4,tech
3,5,3,2,5,tech
3,5,3,3,1,sales
3,5,3,3,2,sales
3,5,3,3,3,none
3,5,3,3,4,tech
3,5,3,3,5,tech
3,5,3,4,1,sales
3,5,3,4,2,sales
3,5,3,4,3,sales
3,5,3,4,4,both
3,5,3,4,5,tech
3,5,3,5,1,sales
3,5,3,5,2,sales
3,5,3,5,3,sales
3,5,3,5,4,sales
3,5,3,5,5,both
3,5,4,1,1,none
3,5,4,1,2,none
3,5,4,1,3,tech
3,5,4,1,4,tech
3,5,4,1,5,tech
3,5,4,2,1,none
3,5,4,2,2,none
3,5,4,2,3,tech
3,5,4,2,4,tech
3,5,4,2,5,tech
3,5,4,3,1,sales
3,5,4,3,2,sales
3,5,4,3,3,none
3,5,4,3,4,tech
3,5,4,3,5,tech
3,5,4,4,1,sales
3,5,4,4,2,sales
3,5,4,4,3,sales
3,5,4,4,4,both
3,5,4,4,5,tech
3,5,4,5,1,sales
3,5,4,5,2,sales
3,5,4,5,3,sales
3,5,4,5,4,sales
3,5,4,5,5,both
3,5,5,1,1,none
3,5,5,1,2,none
3,5,5,1,3,tech
3,5,5,1,4,tech
3,5,5,1,5,tech
3,5,5,2,1,none
3,5,5,2,2,none
3,5,5,2,3,tech
3,5,5,2,4,tech
3,5,5,2,5,tech
3,5,5,3,1,sales
3,5,5,3,2,sales
3,5,5,3,3,none
3,5,5,3,4,tech
3,5,5,3,5,tech
3,5,5,4,1,sales
3,5,5,4,2,sales
3,5,5,4,3,sales
3,5,5,4,4,both
3,5,5,4,5,tech
3,5,5,5,1,sales
3,5,5,5,2,sales
3,5,5,5,3,sales
3,5,5,5,4,sales
3,5,5,5,5,both
4,1,1,1,1,both
4,1,1,1,2,none
4,1,1,1,3,tech
4,1,1,1,4,tech
4,1,1,1,5,tech
4,1,1,2,1,none
4,1,1,2,2,both
4,1,1,2,3,tech
4,1,1,2,4,tech
4,1,1,2,5,tech
4,1,1,3,1,sales
4,1,1,3,2,sales
4,1,1,3,3,both
4,1,1,3,4,tech
4,1,1,3,5,tech
4,1,1,4,1,sales
4,1,1,4,2,sales
4,1,1,4,3,sales
4,1,1,4,4,both
4,1,1,4,5,tech
4,1,1,5,1,sales
4,1,1,5,2,sales
4,1,1,5,3,sales
4,1,1,5,4,sales
4,1,1,5,5,both
4,1,2,1,1,both
4,1,2,1,2,tech
4,1,2,1,3,tech
4,1,2,1,4,tech
4,1,2,1,5,tech
4,1,2,2,1,sales
4,1,2,2,2,both
4,1,2,2,3,tech
4,1,2,2,4,tech
4,1,2,2,5,tech
4,1,2,3,1,sales
4,1,2,3,2,sales
4,1,2,3,3,both
4,1,2,3,4,tech
4,1,2,3,5,tech
4,1,2,4,1,sales
4,1,2,4,2,sales
4,1,2,4,3,sales
4,1,2,4,4,both
4,1,2,4,5,tech
4,1,2,5,1,sales
4,1,2,5,2,sales
4,1,2,5,3,sales
4,1,2,5,4,sales
4,1,2,5,5,both
4,1,3,1,1,both
4,1,3,1,2,tech
4,1,3,1,3,tech
4,1,3,1,4,tech
4,1,3,1,5,tech
4,1,3,2,1,sales
4,1,3,2,2,both
4,1,3,2,3,tech
4,1,3,2,4,tech
4,1,3,2,5,tech
4,1,3,3,1,sales
4,1,3,3,2,sales
4,1,3,3,3,both
4,1,3,3,4,tech
4,1,3,3,5,tech
4,1,3,4,1,sales
4,1,3,4,2,sales
4,1,3,4,3,sales
4,1,3,4,4,both
4,1,3,4,5,tech
4,1,3,5,1,sales
4,1,3,5,2,sales
4,1,3,5,3,sales
4,1,3,5,4,sales
4,1,3,5,5,both
4,1,4,1,1,both
4,1,4,1,2,tech
4,1,4,1,3,tech
4,1,4,1,4,tech
4,1,4,1,5,tech
4,1,4,2,1,sales
4,1,4,2,2,both
4,1,4,2,3,tech
4,1,4,2,4,tech
4,1,4,2,5,tech
4,1,4,3,1,sales
4,1,4,3,2,sales
4,1,4,3,3,both
4,1,4,3,4,tech
4,1,4,3,5,tech
4,1,4,4,1,sales
4,1,4,4,2,sales
4,1,4,4,3,sales
4,1,4,4,4,both
4,1,4,4,5,tech
4,1,4,5,1,sales
4,1,4,5,2,sales
4,1,4,5,3,sales
4,1,4,5,4,sales
4,1,4,5,5,both
4,1,5,1,1,both
4,1,5,1,2,tech
4,1,5,1,3,tech
4,1,5,1,4,tech
4,1,5,1,5,tech
4,1,5,2,1,sales
4,1,5,2,2,both
4,1,5,2,3,tech
4,1,5,2,4,tech
4,1,5,2,5,tech
4,1,5,3,1,sales
4,1,5,3,2,sales
4,1,5,3,3,both
4,1,5,3,4,tech
4,1,5,3,5,tech
4,1,5,4,1,sales
4,1,5,4,2,sales
4,1,5,4,3,sales
4,1,5,4,4,both
4,1,5,4,5,tech
4,1,5,5,1,sales
4,1,5,5,2,sales
4,1,5,5,3,sales
4,1,5,5,4,sales
4,1,5,5,5,both
4,2,1,1,1,none
4,2,1,1,2,none
4,2,1,1,3,tech
4,2,1,1,4,tech
4,2,1,1,5,tech
4,2,1,2,1,none
4,2,1,2,2,both
4,2,1,2,3,tech
4,2,1,2,4,tech
4,2,1,2,5,tech
4,2,1,3,1,sales
4,2,1,3,2,sales
4,2,1,3,3,both
4,2,1,3,4,tech
4,2,1,3,5,tech
4,2,1,4,1,sales
4,2,1,4,2,sales
4,2,1,4,3,sales
4,2,1,4,4,both
4,2,1,4,5,tech
4,2,1,5,1,sales
4,2,1,5,2,sales
4,2,1,5,3,sales
4,2,1,5,4,sales
4,2,1,5,5,both
4,2,2,1,1,both
4,2,2,1,2,none
4,2,2,1,3,tech
4,2,2,1,4,tech
4,2,2,1,5,tech
4,2,2,2,1,none
4,2,2,2,2,both
4,2,2,2,3,tech
4,2,2,2,4,tech
4,2,2,2,5,tech
4,2,2,3,1,sales
4,2,2,3,2,sales
4,2,2,3,3,both
4,2,2,3,4,tech
4,2,2,3,5,tech
4,2,2,4,1,sales
4,2,2,4,2,sales
4,2,2,4,3,sales
4,2,2,4,4,both
4,2,2,4,5,tech
4,2,2,5,1,sales
4,2,2,5,2,sales
4,2,2,5,3,sales
4,2,2,5,4,sales
4,2,2,5,5,both
4,2,3,1,1,both
4,2,3,1,2,none
4,2,3,1,3,tech
4,2,3,1,4,tech
4,2,3,1,5,tech
4,2,3,2,1,none
4,2,3,2,2,both
4,2,3,2,3,tech
4,2,3,2,4,tech
4,2,3,2,5,tech
4,2,3,3,1,sales
4,2,3,3,2,sales
4,2,3,3,3,both
4,2,3,3,4,tech
4,2,3,3,5,tech
4,2,3,4,1,sales
4,2,3,4,2,sales
4,2,3,4,3,sales
4,2,3,4,4,both
4,2,3,4,5,tech
4,2,3,5,1,sales
4,2,3,5,2,sales
4,2,3,5,3,sales
4,2,3,5,4,sales
4,2,3,5,5,both
4,2,4,1,1,both
4,2,4,1,2,tech
4,2,4,1,3,tech
4,2,4,1,4,tech
4,2,4,1,5,tech
4,2,4,2,1,sales
4,2,4,2,2,both
4,2,4,2,3,tech
4,2,4,2,4,tech
4,2,4,2,5,tech
4,2,4,3,1,sales
4,2,4,3,2,sales
4,2,4,3,3,both
4,2,4,3,4,tech
4,2,4,3,5,tech
4,2,4,4,1,sales
4,2,4,4,2,sales
4,2,4,4,3,sales
4,2,4,4,4,both
4,2,4,4,5,tech
4,2,4,5,1,sales
4,2,4,5,2,sales
4,2,4,5,3,sales
4,2,4,5,4,sales
4,2,4,5,5,both
4,2,5,1,1,both
4,2,5,1,2,tech
4,2,5,1,3,tech
4,2,5,1,4,tech
4,2,5,1,5,tech
4,2,5,2,1,sales
4,2,5,2,2,both
4,2,5,2,3,tech
4,2,5,2,4,tech
4,2,5,2,5,tech
4,2,5,3,1,sales
4,2,5,3,2,sales
4,2,5,3,3,both
4,2,5,3,4,tech
4,2,5,3,5,tech
4,2,5,4,1,sales
4,2,5,4,2,sales
4,2,5,4,3,sales
4,2,5,4,4,both
4,2,5,4,5,tech
4,2,5,5,1,sales
4,2,5,5,2,sales
4,2,5,5,3,sales
4,2,5,5,4,sales
4,2,5,5,5,both
4,3,1,1,1,none
4,3,1,1,2,none
4,3,1,1,3,tech
4,3,1,1,4,tech
4,3,1,1,5,tech
4,3,1,2,1,none
4,3,1,2,2,both
4,3,1,2,3,tech
4,3,1,2,4,tech
4,3,1,2,5,tech
4,3,1,3,1,sales
4,3,1,3,2,sales
4,3,1,3,3,both
4,3,1,3,4,tech
4,3,1,3,5,tech
4,3,1,4,1,sales
4,3,1,4,2,sales
4,3,1,4,3,sales
4,3,1,4,4,both
4,3,1,4,5,tech
4,3,1,5,1,sales
4,3,1,5,2,sales
4,3,1,5,3,sales
4,3,1,5,4,sales
4,3,1,5,5,both
4,3,2,1,1,none
4,3,2,1,2,none
4,3,2,1,3,tech
4,3,2,1,4,tech
4,3,2,1,5,tech
4,3,2,2,1,none
4,3,2,2,2,both
4,3,2,2,3,tech
4,3,2,2,4,tech
4,3,2,2,5,tech
4,3,2,3,1,sales
4,3,2,3,2,sales
4,3,2,3,3,both
4,3,2,3,4,tech
4,3,2,3,5,tech
4,3,2,4,1,sales
4,3,2,4,2,sales
4,3,2,4,3,sales
4,3,2,4,4,both
4,3,2,4,5,tech
4,3,2,5,1,sales
4,3,2,5,2,sales
4,3,2,5,3,sales
4,3,2,5,4,sales
4,3,2,5,5,both
4,3,3,1,1,none
4,3,3,1,2,none
4,3,3,1,3,tech
4,3,3,1,4,tech
4,3,3,1,5,tech
4,3,3,2,1,none
4,3,3,2,2,both
4,3,3,2,3,tech
4,3,3,2,4,tech
4,3,3,2,5,tech
4,3,3,3,1,sales
4,3,3,3,2,sales
4,3,3,3,3,both
4,3,3,3,4,tech
4,3,3,3,5,tech
4,3,3,4,1,sales
4,3,3,4,2,sales
4,3,3,4,3,sales
4,3,3,4,4,both
4,3,3,4,5,tech
4,3,3,5,1,sales
4,3,3,5,2,sales
4,3,3,5,3,sales
4,3,3,5,4,sales
4,3,3,5,5,both
4,3,4,1,1,both
4,3,4,1,2,none
4,3,4,1,3,tech
4,3,4,1,4,tech
4,3,4,1,5,tech
4,3,4,2,1,none
4,3,4,2,2,both
4,3,4,2,3,tech
4,3,4,2,4,tech
4,3,4,2,5,tech
4,3,4,3,1,sales
4,3,4,3,2,sales
4,3,4,3,3,both
4,3,4,3,4,tech
4,3,4,3,5,tech
4,3,4,4,1,sales
4,3,4,4,2,sales
4,3,4,4,3,sales
4,3,4,4,4,both
4,3,4,4,5,tech
4,3,4,5,1,sales
4,3,4,5,2,sales
4,3,4,5,3,sales
4,3,4,5,4,sales
4,3,4,5,5,both
4,3,5,1,1,both
4,3,5,1,2,none
4,3,5,1,3,tech
4,3,5,1,4,tech
4,3,5,1,5,tech
4,3,5,2,1,none
4,3,5,2,2,both
4,3,5,2,3,tech
4,3,5,2,4,tech
4,3,5,2,5,tech
4,3,5,3,1,sales
4,3,5,3,2,sales
4,3,5,3,3,both
4,3,5,3,4,tech
4,3,5,3,5,tech
4,3,5,4,1,sales
4,3,5,4,2,sales
4,3,5,4,3,sales
4,3,5,4,4,both
4,3,5,4,5,tech
4,3,5,5,1,sales
4,3,5,5,2,sales
4,3,5,5,3,sales
4,3,5,5,4,sales
4,3,5,5,5,both
4,4,1,1,1,none
4,4,1,1,2,none
4,4,1,1,3,tech
4,4,1,1,4,tech
4,4,1,1,5,tech
4,4,1,2,1,none
4,4,1,2,2,none
4,4,1,2,3,tech
4,4,1,2,4,tech
4,4,1,2,5,tech
4,4,1,3,1,sales
4,4,1,3,2,sales
4,4,1,3,3,both
4,4,1,3,4,tech
4,4,1,3,5,tech
4,4,1,4,1,sales
4,4,1,4,2,sales
4,4,1,4,3,sales
4,4,1,4,4,both
4,4,1,4,5,tech
4,4,1,5,1,sales
4,4,1,5,2,sales
4,4,1,5,3,sales
4,4,1,5,4,sales
4,4,1,5,5,both
4,4,2,1,1,none
4,4,2,1,2,none
4,4,2,1,3,tech
4,4,2,1,4,tech
4,4,2,1,5,tech
4,4,2,2,1,none
4,4,2,2,2,none
4,4,2,2,3,tech
4,4,2,2,4,tech
4,4,2,2,5,tech
4,4,2,3,1,sales
4,4,2,3,2,sales
4,4,2,3,3,both
4,4,2,3,4,tech
4,4,2,3,5,tech
4,4,2,4,1,sales
4,4,2,4,2,sales
4,4,2,4,3,sales
4,4,2,4,4,both
4,4,2,4,5,tech
4,4,2,5,1,sales
4,4,2,5,2,sales
4,4,2,5,3,sales
4,4,2,5,4,sales
4,4,2,5,5,both
4,4,3,1,1,none
4,4,3,1,2,none
4,4,3,1,3,tech
4,4,3,1,4,tech
4,4,3,1,5,tech
4,4,3,2,1,none
4,4,3,2,2,both
4,4,3,2,3,tech
4,4,3,2,4,tech
4,4,3,2,5,tech
4,4,3,3,1,sales
4,4,3,3,2,sales
4,4,3,3,3,both
4,4,3,3,4,tech
4,4,3,3,5,tech
4,4,3,4,1,sales
4,4,3,4,2,sales
4,4,3,4,3,sales
4,4,3,4,4,both
4,4,3,4,5,tech
4,4,3,5,1,sales
4,4,3,5,2,sales
4,4,3,5,3,sales
4,4,3,5,4,sales
4,4,3,5,5,both
4,4,4,1,1,none
4,4,4,1,2,none
4,4,4,1,3,tech
4,4,4,1,4,tech
4,4,4,1,5,tech
4,4,4,2,1,none
4,4,4,2,2,both
4,4,4,2,3,tech
4,4,4,2,4,tech
4,4,4,2,5,tech
4,4,4,3,1,sales
4,4,4,3,2,sales
4,4,4,3,3,both
4,4,4,3,4,tech
4,4,4,3,5,tech
4,4,4,4,1,sales
4,4,4,4,2,sales
4,4,4,4,3,sales
4,4,4,4,4,both
4,4,4,4,5,tech
4,4,4,5,1,sales
4,4,4,5,2,sales
4,4,4,5,3,sales
4,4,4,5,4,sales
4,4,4,5,5,both
4,4,5,1,1,none
4,4,5,1,2,none
4,4,5,1,3,tech
4,4,5,1,4,tech
4,4,5,1,5,tech
4,4,5,2,1,none
4,4,5,2,2,both
4,4,5,2,3,tech
4,4,5,2,4,tech
4,4,5,2,5,tech
4,4,5,3,1,sales
4,4,5,3,2,sales
4,4,5,3,3,both
4,4,5,3,4,tech
4,4,5,3,5,tech
4,4,5,4,1,sales
4,4,5,4,2,sales
4,4,5,4,3,sales
4,4,5,4,4,both
4,4,5,4,5,tech
4,4,5,5,1,sales
4,4,5,5,2,sales
4,4,5,5,3,sales
4,4,5,5,4,sales
4,4,5,5,5,both
4,5,1,1,1,none
4,5,1,1,2,none
4,5,1,1,3,tech
4,5,1,1,4,tech
4,5,1,1,5,tech
4,5,1,2,1,none
4,5,1,2,2,none
4,5,1,2,3,tech
4,5,1,2,4,tech
4,5,1,2,5,tech
4,5,1,3,1,sales
4,5,1,3,2,sales
4,5,1,3,3,none
4,5,1,3,4,tech
4,5,1,3,5,tech
4,5,1,4,1,sales
4,5,1,4,2,sales
4,5,1,4,3,sales
4,5,1,4,4,both
4,5,1,4,5,tech
4,5,1,5,1,sales
4,5,1,5,2,sales
4,5,1,5,3,sales
4,5,1,5,4,sales
4,5,1,5,5,both
4,5,2,1,1,none
4,5,2,1,2,none
4,5,2,1,3,tech
4,5,2,1,4,tech
4,5,2,1,5,tech
4,5,2,2,1,none
4,5,2,2,2,none
4,5,2,2,3,tech
4,5,2,2,4,tech
4,5,2,2,5,tech
4,5,2,3,1,sales
4,5,2,3,2,sales
4,5,2,3,3,both
4,5,2,3,4,tech
4,5,2,3,5,tech
4,5,2,4,1,sales
4,5,2,4,2,sales
4,5,2,4,3,sales
4,5,2,4,4,both
4,5,2,4,5,tech
4,5,2,5,1,sales
4,5,2,5,2,sales
4,5,2,5,3,sales
4,5,2,5,4,sales
4,5,2,5,5,both
4,5,3,1,1,none
4,5,3,1,2,none
4,5,3,1,3,tech
4,5,3,1,4,tech
4,5,3,1,5,tech
4,5,3,2,1,none
4,5,3,2,2,none
4,5,3,2,3,tech
4,5,3,2,4,tech
4,5,3,2,5,tech
4,5,3,3,1,sales
4,5,3,3,2,sales
4,5,3,3,3,both
4,5,3,3,4,tech
4,5,3,3,5,tech
4,5,3,4,1,sales
4,5,3,4,2,sales
4,5,3,4,3,sales
4,5,3,4,4,both
4,5,3,4,5,tech
4,5,3,5,1,sales
4,5,3,5,2,sales
4,5,3,5,3,sales
4,5,3,5,4,sales
4,5,3,5,5,both
4,5,4,1,1,none
4,5,4,1,2,none
4,5,4,1,3,tech
4,5,4,1,4,tech
4,5,4,1,5,tech
4,5,4,2,1,none
4,5,4,2,2,none
4,5,4,2,3,tech
4,5,4,2,4,tech
4,5,4,2,5,tech
4,5,4,3,1,sales
4,5,4,3,2,sales
4,5,4,3,3,both
4,5,4,3,4,tech
4,5,4,3,5,tech
4,5,4,4,1,sales
4,5,4,4,2,sales
4,5,4,4,3,sales
4,5,4,4,4,both
4,5,4,4,5,tech
4,5,4,5,1,sales
4,5,4,5,2,sales
4,5,4,5,3,sales
4,5,4,5,4,sales
4,5,4,5,5,both
4,5,5,1,1,none
4,5,5,1,2,none
4,5,5,1,3,tech
4,5,5,1,4,tech
4,5,5,1,5,tech
4,5,5,2,1,none
4,5,5,2,2,none
4,5,5,2,3,tech
4,5,5,2,4,tech
4,5,5,2,5,tech
4,5,5,3,1,sales
4,5,5,3,2,sales
4,5,5,3,3,both
4,5,5,3,4,tech
4,5,5,3,5,tech
4,5,5,4,1,sales
4,5,5,4,2,sales
4,5,5,4,3,sales
4,5,5,4,4,both
4,5,5,4,5,tech
4,5,5,5,1,sales
4,5,5,5,2,sales
4,5,5,5,3,sales
4,5,5,5,4,sales
4,5,5,5,5,both
5,1,1,1,1,both
5,1,1,1,2,tech
5,1,1,1,3,tech
5,1,1,1,4,tech
5,1,1,1,5,tech
5,1,1,2,1,sales
5,1,1,2,2,both
5,1,1,2,3,tech
5,1,1,2,4,tech
5,1,1,2,5,tech
5,1,1,3,1,sales
5,1,1,3,2,sales
5,1,1,3,3,both
5,1,1,3,4,tech
5,1,1,3,5,tech
5,1,1,4,1,sales
5,1,1,4,2,sales
5,1,1,4,3,sales
5,1,1,4,4,both
5,1,1,4,5,tech
5,1,1,5,1,sales
5,1,1,5,2,sales
5,1,1,5,3,sales
5,1,1,5,4,sales
5,1,1,5,5,both
5,1,2,1,1,both
5,1,2,1,2,tech
5,1,2,1,3,tech
5,1,2,1,4,tech
5,1,2,1,5,tech
5,1,2,2,1,sales
5,1,2,2,2,both
5,1,2,2,3,tech
5,1,2,2,4,tech
5,1,2,2,5,tech
5,1,2,3,1,sales
5,1,2,3,2,sales
5,1,2,3,3,both
5,1,2,3,4,tech
5,1,2,3,5,tech
5,1,2,4,1,sales
5,1,2,4,2,sales
5,1,2,4,3,sales
5,1,2,4,4,both
5,1,2,4,5,tech
5,1,2,5,1,sales
5,1,2,5,2,sales
5,1,2,5,3,sales
5,1,2,5,4,sales
5,1,2,5,5,both
5,1,3,1,1,both
5,1,3,1,2,tech
5,1,3,1,3,tech
5,1,3,1,4,tech
5,1,3,1,5,tech
5,1,3,2,1,sales
5,1,3,2,2,both
5,1,3,2,3,tech
5,1,3,2,4,tech
5,1,3,2,5,tech
5,1,3,3,1,sales
5,1,3,3,2,sales
5,1,3,3,3,both
5,1,3,3,4,tech
5,1,3,3,5,tech
5,1,3,4,1,sales
5,1,3,4,2,sales
5,1,3,4,3,sales
5,1,3,4,4,both
5,1,3,4,5,tech
5,1,3,5,1,sales
5,1,3,5,2,sales
5,1,3,5,3,sales
5,1,3,5,4,sales
5,1,3,5,5,both
5,1,4,1,1,both
5,1,4,1,2,tech
5,1,4,1,3,tech
5,1,4,1,4,tech
5,1,4,1,5,tech
5,1,4,2,1,sales
5,1,4,2,2,both
5,1,4,2,3,tech
5,1,4,2,4,tech
5,1,4,2,5,tech
5,1,4,3,1,sales
5,1,4,3,2,sales
5,1,4,3,3,both
5,1,4,3,4,tech
5,1,4,3,5,tech
5,1,4,4,1,sales
5,1,4,4,2,sales
5,1,4,4,3,sales
5,1,4,4,4,both
5,1,4,4,5,tech
5,1,4,5,1,sales
5,1,4,5,2,sales
5,1,4,5,3,sales
5,1,4,5,4,sales
5,1,4,5,5,both
5,1,5,1,1,both
5,1,5,1,2,tech
5,1,5,1,3,tech
5,1,5,1,4,tech
5,1,5,1,5,tech
5,1,5,2,1,sales
5,1,5,2,2,both
5,1,5,2,3,tech
5,1,5,2,4,tech
5,1,5,2,5,tech
5,1,5,3,1,sales
5,1,5,3,2,sales
5,1,5,3,3,both
5,1,5,3,4,tech
5,1,5,3,5,tech
5,1,5,4,1,sales
5,1,5,4,2,sales
5,1,5,4,3,sales
5,1,5,4,4,both
5,1,5,4,5,tech
5,1,5,5,1,sales
5,1,5,5,2,sales
5,1,5,5,3,sales
5,1,5,5,4,sales
5,1,5,5,5,both
5,2,1,1,1,both
5,2,1,1,2,tech
5,2,1,1,3,tech
5,2,1,1,4,tech
5,2,1,1,5,tech
5,2,1,2,1,sales
5,2,1,2,2,both
5,2,1,2,3,tech
5,2,1,2,4,tech
5,2,1,2,5,tech
5,2,1,3,1,sales
5,2,1,3,2,sales
5,2,1,3,3,both
5,2,1,3,4,tech
5,2,1,3,5,tech
5,2,1,4,1,sales
5,2,1,4,2,sales
5,2,1,4,3,sales
5,2,1,4,4,both
5,2,1,4,5,tech
5,2,1,5,1,sales
5,2,1,5,2,sales
5,2,1,5,3,sales
5,2,1,5,4,sales
5,2,1,5,5,both
5,2,2,1,1,both
5,2,2,1,2,tech
5,2,2,1,3,tech
5,2,2,1,4,tech
5,2,2,1,5,tech
5,2,2,2,1,sales
5,2,2,2,2,both
5,2,2,2,3,tech
5,2,2,2,4,tech
5,2,2,2,5,tech
5,2,2,3,1,sales
5,2,2,3,2,sales
5,2,2,3,3,both
5,2,2,3,4,tech
5,2,2,3,5,tech
5,2,2,4,1,sales
5,2,2,4,2,sales
5,2,2,4,3,sales
5,2,2,4,4,both
5,2,2,4,5,tech
5,2,2,5,1,sales
5,2,2,5,2,sales
5,2,2,5,3,sales
5,2,2,5,4,sales
5,2,2,5,5,both
5,2,3,1,1,both
5,2,3,1,2,tech
5,2,3,1,3,tech
5,2,3,1,4,tech
5,2,3,1,5,tech
5,2,3,2,1,sales
5,2,3,2,2,both
5,2,3,2,3,tech
5,2,3,2,4,tech
5,2,3,2,5,tech
5,2,3,3,1,sales
5,2,3,3,2,sales
5,2,3,3,3,both
5,2,3,3,4,tech
5,2,3,3,5,tech
5,2,3,4,1,sales
5,2,3,4,2,sales
5,2,3,4,3,sales
5,2,3,4,4,both
5,2,3,4,5,tech
5,2,3,5,1,sales
5,2,3,5,2,sales
5,2,3,5,3,sales
5,2,3,5,4,sales
5,2,3,5,5,both
5,2,4,1,1,both
5,2,4,1,2,tech
5,2,4,1,3,tech
5,2,4,1,4,tech
5,2,4,1,5,tech
5,2,4,2,1,sales
5,2,4,2,2,both
5,2,4,2,3,tech
5,2,4,2,4,tech
5,2,4,2,5,tech
5,2,4,3,1,sales
5,2,4,3,2,sales
5,2,4,3,3,both
5,2,4,3,4,tech
5,2,4,3,5,tech
5,2,4,4,1,sales
5,2,4,4,2,sales
5,2,4,4,3,sales
5,2,4,4,4,both
5,2,4,4,5,tech
5,2,4,5,1,sales
5,2,4,5,2,sales
5,2,4,5,3,sales
5,2,4,5,4,sales
5,2,4,5,5,both
5,2,5,1,1,both
5,2,5,1,2,tech
5,2,5,1,3,tech
5,2,5,1,4,tech
5,2,5,1,5,tech
5,2,5,2,1,sales
5,2,5,2,2,both
5,2,5,2,3,tech
5,2,5,2,4,tech
5,2,5,2,5,tech
5,2,5,3,1,sales
5,2,5,3,2,sales
5,2,5,3,3,both
5,2,5,3,4,tech
5,2,5,3,5,tech
5,2,5,4,1,sales
5,2,5,4,2,sales
5,2,5,4,3,sales
5,2,5,4,4,both
5,2,5,4,5,tech
5,2,5,5,1,sales
5,2,5,5,2,sales
5,2,5,5,3,sales
5,2,5,5,4,sales
5,2,5,5,5,both
5,3,1,1,1,both
5,3,1,1,2,none
5,3,1,1,3,tech
5,3,1,1,4,tech
5,3,1,1,5,tech
5,3,1,2,1,none
5,3,1,2,2,both
5,3,1,2,3,tech
5,3,1,2,4,tech
5,3,1,2,5,tech
5,3,1,3,1,sales
5,3,1,3,2,sales
5,3,1,3,3,both
5,3,1,3,4,tech
5,3,1,3,5,tech
5,3,1,4,1,sales
5,3,1,4,2,sales
5,3,1,4,3,sales
5,3,1,4,4,both
5,3,1,4,5,tech
5,3,1,5,1,sales
5,3,1,5,2,sales
5,3,1,5,3,sales
5,3,1,5,4,sales
5,3,1,5,5,both
5,3,2,1,1,both
5,3,2,1,2,none
5,3,2,1,3,tech
5,3,2,1,4,tech
5,3,2,1,5,tech
5,3,2,2,1,none
5,3,2,2,2,both
5,3,2,2,3,tech
5,3,2,2,4,tech
5,3,2,2,5,tech
5,3,2,3,1,sales
5,3,2,3,2,sales
5,3,2,3,3,both
5,3,2,3,4,tech
5,3,2,3,5,tech
5,3,2,4,1,sales
5,3,2,4,2,sales
5,3,2,4,3,sales
5,3,2,4,4,both
5,3,2,4,5,tech
5,3,2,5,1,sales
5,3,2,5,2,sales
5,3,2,5,3,sales
5,3,2,5,4,sales
5,3,2,5,5,both
5,3,3,1,1,both
5,3,3,1,2,tech
5,3,3,1,3,tech
5,3,3,1,4,tech
5,3,3,1,5,tech
5,3,3,2,1,sales
5,3,3,2,2,both
5,3,3,2,3,tech
5,3,3,2,4,tech
5,3,3,2,5,tech
5,3,3,3,1,sales
5,3,3,3,2,sales
5,3,3,3,3,both
5,3,3,3,4,tech
5,3,3,3,5,tech
5,3,3,4,1,sales
5,3,3,4,2,sales
5,3,3,4,3,sales
5,3,3,4,4,both
5,3,3,4,5,tech
5,3,3,5,1,sales
5,3,3,5,2,sales
5,3,3,5,3,sales
5,3,3,5,4,sales
5,3,3,5,5,both
5,3,4,1,1,both
5,3,4,1,2,tech
5,3,4,1,3,tech
5,3,4,1,4,tech
5,3,4,1,5,tech
5,3,4,2,1,sales
5,3,4,2,2,both
5,3,4,2,3,tech
5,3,4,2,4,tech
5,3,4,2,5,tech
5,3,4,3,1,sales
5,3,4,3,2,sales
5,3,4,3,3,both
5,3,4,3,4,tech
5,3,4,3,5,tech
5,3,4,4,1,sales
5,3,4,4,2,sales
5,3,4,4,3,sales
5,3,4,4,4,both
5,3,4,4,5,tech
5,3,4,5,1,sales
5,3,4,5,2,sales
5,3,4,5,3,sales
5,3,4,5,4,sales
5,3,4,5,5,both
5,3,5,1,1,both
5,3,5,1,2,tech
5,3,5,1,3,tech
5,3,5,1,4,tech
5,3,5,1,5,tech
5,3,5,2,1,sales
5,3,5,2,2,both
5,3,5,2,3,tech
5,3,5,2,4,tech
5,3,5,2,5,tech
5,3,5,3,1,sales
5,3,5,3,2,sales
5,3,5,3,3,both
5,3,5,3,4,tech
5,3,5,3,5,tech
5,3,5,4,1,sales
5,3,5,4,2,sales
5,3,5,4,3,sales
5,3,5,4,4,both
5,3,5,4,5,tech
5,3,5,5,1,sales
5,3,5,5,2,sales
5,3,5,5,3,sales
5,3,5,5,4,sales
5,3,5,5,5,both
5,4,1,1,1,none
5,4,1,1,2,none
5,4,1,1,3,tech
5,4,1,1,4,tech
5,4,1,1,5,tech
5,4,1,2,1,none
5,4,1,2,2,both
5,4,1,2,3,tech
5,4,1,2,4,tech
5,4,1,2,5,tech
5,4,1,3,1,sales
5,4,1,3,2,sales
5,4,1,3,3,both
5,4,1,3,4,tech
5,4,1,3,5,tech
5,4,1,4,1,sales
5,4,1,4,2,sales
5,4,1,4,3,sales
5,4,1,4,4,both
5,4,1,4,5,tech
5,4,1,5,1,sales
5,4,1,5,2,sales
5,4,1,5,3,sales
5,4,1,5,4,sales
5,4,1,5,5,both
5,4,2,1,1,none
5,4,2,1,2,none
5,4,2,1,3,tech
5,4,2,1,4,tech
5,4,2,1,5,tech
5,4,2,2,1,none
5,4,2,2,2,both
5,4,2,2,3,tech
5,4,2,2,4,tech
5,4,2,2,5,tech
5,4,2,3,1,sales
5,4,2,3,2,sales
5,4,2,3,3,both
5,4,2,3,4,tech
5,4,2,3,5,tech
5,4,2,4,1,sales
5,4,2,4,2,sales
5,4,2,4,3,sales
5,4,2,4,4,both
5,4,2,4,5,tech
5,4,2,5,1,sales
5,4,2,5,2,sales
5,4,2,5,3,sales
5,4,2,5,4,sales
5,4,2,5,5,both
5,4,3,1,1,both
5,4,3,1,2,none
5,4,3,1,3,tech
5,4,3,1,4,tech
5,4,3,1,5,tech
5,4,3,2,1,none
5,4,3,2,2,both
5,4,3,2,3,tech
5,4,3,2,4,tech
5,4,3,2,5,tech
5,4,3,3,1,sales
5,4,3,3,2,sales
5,4,3,3,3,both
5,4,3,3,4,tech
5,4,3,3,5,tech
5,4,3,4,1,sales
5,4,3,4,2,sales
5,4,3,4,3,sales
5,4,3,4,4,both
5,4,3,4,5,tech
5,4,3,5,1,sales
5,4,3,5,2,sales
5,4,3,5,3,sales
5,4,3,5,4,sales
5,4,3,5,5,both
5,4,4,1,1,both
5,4,4,1,2,none
5,4,4,1,3,tech
5,4,4,1,4,tech
5,4,4,1,5,tech
5,4,4,2,1,none
5,4,4,2,2,both
5,4,4,2,3,tech
5,4,4,2,4,tech
5,4,4,2,5,tech
5,4,4,3,1,sales
5,4,4,3,2,sales
5,4,4,3,3,both
5,4,4,3,4,tech
5,4,4,3,5,tech
5,4,4,4,1,sales
5,4,4,4,2,sales
5,4,4,4,3,sales
5,4,4,4,4,both
5,4,4,4,5,tech
5,4,4,5,1,sales
5,4,4,5,2,sales
5,4,4,5,3,sales
5,4,4,5,4,sales
5,4,4,5,5,both
5,4,5,1,1,both
5,4,5,1,2,none
5,4,5,1,3,tech
5,4,5,1,4,tech
5,4,5,1,5,tech
5,4,5,2,1,none
5,4,5,2,2,both
5,4,5,2,3,tech
5,4,5,2,4,tech
5,4,5,2,5,tech
5,4,5,3,1,sales
5,4,5,3,2,sales
5,4,5,3,3,both
5,4,5,3,4,tech
5,4,5,3,5,tech
5,4,5,4,1,sales
5,4,5,4,2,sales
5,4,5,4,3,sales
5,4,5,4,4,both
5,4,5,4,5,tech
5,4,5,5,1,sales
5,4,5,5,2,sales
5,4,5,5,3,sales
5,4,5,5,4,sales
5,4,5,5,5,both
5,5,1,1,1,none
5,5,1,1,2,none
5,5,1,1,3,tech
5,5,1,1,4,tech
5,5,1,1,5,tech
5,5,1,2,1,none
5,5,1,2,2,none
5,5,1,2,3,tech
5,5,1,2,4,tech
5,5,1,2,5,tech
5,5,1,3,1,sales
5,5,1,3,2,sales
5,5,1,3,3,both
5,5,1,3,4,tech
5,5,1,3,5,tech
5,5,1,4,1,sales
5,5,1,4,2,sales
5,5,1,4,3,sales
5,5,1,4,4,both
5,5,1,4,5,tech
5,5,1,5,1,sales
5,5,1,5,2,sales
5,5,1,5,3,sales
5,5,1,5,4,sales
5,5,1,5,5,both
5,5,2,1,1,none
5,5,2,1,2,none
5,5,2,1,3,tech
5,5,2,1,4,tech
5,5,2,1,5,tech
5,5,2,2,1,none
5,5,2,2,2,both
5,5,2,2,3,tech
5,5,2,2,4,tech
5,5,2,2,5,tech
5,5,2,3,1,sales
5,5,2,3,2,sales
5,5,2,3,3,both
5,5,2,3,4,tech
5,5,2,3,5,tech
5,5,2,4,1,sales
5,5,2,4,2,sales
5,5,2,4,3,sales
5,5,2,4,4,both
5,5,2,4,5,tech
5,5,2,5,1,sales
5,5,2,5,2,sales
5,5,2,5,3,sales
5,5,2,5,4,sales
5,5,2,5,5,both
5,5,3,1,1,none
5,5,3,1,2,none
5,5,3,1,3,tech
5,5,3,1,4,tech
5,5,3,1,5,tech
5,5,3,2,1,none
5,5,3,2,2,both
5,5,3,2,3,tech
5,5,3,2,4,tech
5,5,3,2,5,tech
5,5,3,3,1,sales
5,5,3,3,2,sales
5,5,3,3,3,both
5,5,3,3,4,tech
5,5,3,3,5,tech
5,5,3,4,1,sales
5,5,3,4,2,sales
5,5,3,4,3,sales
5,5,3,4,4,both
5,5,3,4,5,tech
5,5,3,5,1,sales
5,5,3,5,2,sales
5,5,3,5,3,sales
5,5,3,5,4,sales
5,5,3,5,5,both
5,5,4,1,1,none
5,5,4,1,2,none
5,5,4,1,3,tech
5,5,4,1,4,tech
5,5,4,1,5,tech
5,5,4,2,1,none
5,5,4,2,2,both
5,5,4,2,3,tech
5,5,4,2,4,tech
5,5,4,2,5,tech
5,5,4,3,1,sales
5,5,4,3,2,sales
5,5,4,3,3,both
5,5,4,3,4,tech
5,5,4,3,5,tech
5,5,4,4,1,sales
5,5,4,4,2,sales
5,5,4,4,3,sales
5,5,4,4,4,both
5,5,4,4,5,tech
5,5,4,5,1,sales
5,5,4,5,2,sales
5,5,4,5,3,sales
5,5,4,5,4,sales
5,5,4,5,5,both
5,5,5,1,1,none
5,5,5,1,2,none
5,5,5,1,3,tech
5,5,5,1,4,tech
5,5,5,1,5,tech
5,5,5,2,1,none
5,5,5,2,2,both
5,5,5,2,3,tech
5,5,5,2,4,tech
5,5,5,2,5,tech
5,5,5,3,1,sales
5,5,5,3,2,sales
5,5,5,3,3,both
5,5,5,3,4,tech
5,5,5,3,5,tech
5,5,5,4,1,sales
5,5,5,4,2,sales
5,5,5,4,3,sales
5,5,5,4,4,both
5,5,5,4,5,tech
5,5,5,5,1,sales
5,5,5,5,2,sales
5,5,5,5,3,sales
5,5,5,5,4,sales
5,5,5,5,5,both